SHELTER ID,YEAR,SHELTER TYPE,ORGANIZATION,PROJECT NAME,CITY,ZIP,SPA,SHELTER_CAPACITY,UTILIZATION RATE,TOTAL_HOMELESS,TOTAL_RAINFALL_IN,AVG_TEMP_F,AVG_UNEMPLOYMENT_RATE,EVICTION_COUNT,AVG_RENT_OWED,STRAIN_SCORE
697480,2023,ES,211,City Motel Voucher Program (Vouchers),San Gabriel,91778,3,75,1.0,830,241.43,62.034888579387186,0.0580916666666666,,,11.066666666666666
697481,2023,ES,211,County Motel Voucher Program (Vouchers),San Gabriel,91778,3,250,1.0,830,241.43,62.034888579387186,0.0580916666666666,,,3.32
697349,2023,ES,Behavioral Health Services Inc.,SAPC Interim Housing 136th St,Hawthorne,90250,8,12,0.92,925,241.43,62.034888579387186,0.0580916666666666,,,77.08333333333333
697350,2023,ES,Behavioral Health Services Inc.,SAPC Interim Housing Crenshaw,Hawthorne,90303,8,12,0.5,925,241.43,62.034888579387186,0.0580916666666666,,,77.08333333333333
697351,2023,ES,Behavioral Health Services Inc.,SAPC Interim Housing Verde Vista,Pomona,91767,3,9,0.78,830,241.43,62.034888579387186,0.0580916666666666,,,92.22222222222223
697390,2023,ES,Bridge to Home,Bridge Housing Program SPA 2,Santa Clarita,91350,2,30,0.5,2197,241.43,62.034888579387186,0.0580916666666666,,,73.23333333333333
697288,2023,ES,Bridge to Home,Crisis Housing Program SPA 2,Santa Clarita,91350,2,30,0.67,2197,241.43,62.034888579387186,0.0580916666666666,,,73.23333333333333
697950,2023,TH,Burbank Housing Corporation,Home Front,Burbank ,91504,2,21,0.43,2197,241.43,62.034888579387186,0.0580916666666666,6.0,3500.0,104.61904761904762
698185,2023,TH,Burbank Housing Corporation,Jerry's Promise,Burbank,91505,2,14,0.86,2197,241.43,62.034888579387186,0.0580916666666666,1.0,6400.0,156.92857142857142
697957,2023,TH,Burbank Housing Corporation,Linden House,Burbank,91502,2,6,1.0,2197,241.43,62.034888579387186,0.0580916666666666,,,366.1666666666667
697947,2023,TH,Burbank Housing Corporation,Puerta Nueva Transitional Facility,Burbank ,91504,2,12,0.92,2197,241.43,62.034888579387186,0.0580916666666666,6.0,3500.0,183.08333333333334
698071,2023,TH,Carlos Lopez & Associates LLC,A Bridge Home VA Campus,Los Angeles,90073,5,80,0.68,1254,241.43,62.034888579387186,0.0580916666666666,2.0,0.0,15.675
697522,2023,ES,City Net,Esperanza Villa Individual Shelter Baldwin Park,Baldwin Park,91706,3,25,0.88,830,241.43,62.034888579387186,0.0580916666666666,,,33.2
697511,2023,ES,City Net,Tiny Home Bridge Family Housing Baldwin Park,Baldwin Park,91706,3,50,0.92,830,241.43,62.034888579387186,0.0580916666666666,,,16.6
697733,2023,TH,City of Covina,McGill Transitional House,Covina,91722,3,7,1.0,830,241.43,62.034888579387186,0.0580916666666666,,,118.57142857142857
697313,2023,ES,City of Pomona,CES Bridge Housing Program,Pomona,91766,3,40,0.8,830,241.43,62.034888579387186,0.0580916666666666,,,20.75
697259,2023,ES,City of Pomona,CES Crisis Housing SPA 3 VOA,Pomona,91766,3,88,1.05,830,241.43,62.034888579387186,0.0580916666666666,,,9.431818181818182
697324,2023,ES,City of Pomona,Cities Cohort Crisis Housing,Pomona,91766,3,4,1.0,830,241.43,62.034888579387186,0.0580916666666666,,,207.5
697377,2023,ES,City of Pomona,ESG-CV Motel 6 Pomona,Pomona,91766,3,4,1.0,830,241.43,62.034888579387186,0.0580916666666666,,,207.5
697285,2023,ES,City of Pomona,PD ESG Crisis Housing,Pomona,91766,3,6,0.5,830,241.43,62.034888579387186,0.0580916666666666,,,138.33333333333334
697282,2023,ES,City of Pomona,Tri-City Crisis Housing,Pomona,91766,3,20,0.65,830,241.43,62.034888579387186,0.0580916666666666,,,41.5
697964,2023,TH,Community's Child Inc.,Building Hope,Lomita ,90717,8,6,1.0,925,241.43,62.034888579387186,0.0580916666666666,2.0,4100.505,154.16666666666666
697503,2023,ES,Divine Healthcare Services Inc.,Recovery Bridge Housing 2211,Signal Hill,90755,7,5,1.0,1041,241.43,62.034888579387186,0.0580916666666666,,,208.2
697504,2023,ES,Divine Healthcare Services Inc.,Recovery Bridge Housing 2225,Signal Hill,90755,7,4,1.0,1041,241.43,62.034888579387186,0.0580916666666666,,,260.25
697365,2023,ES,"Exodus Recovery, Inc.",DHS PHK ESG - Motel 6 Baldwin Park,Baldwin Park,91706,3,71,0.61,830,241.43,62.034888579387186,0.0580916666666666,,,11.690140845070422
697289,2023,ES,"Exodus Recovery, Inc.",DMH Emergency Bridge Housing,Los Angeles,90044,8,133,0.96,925,241.43,62.034888579387186,0.0580916666666666,699.0,4274.940500715308,6.954887218045113
697944,2023,TH,Family Promise of Santa Clarita Valley,Interfaith Hospitality Network,Santa Clarita,91355,2,8,0.75,2197,241.43,62.034888579387186,0.0580916666666666,,,274.625
697945,2023,TH,Family Promise of the South Bay,Family Promise of the South Bay - Torrance,Torrance,90503,8,15,1.13,925,241.43,62.034888579387186,0.0580916666666666,,,61.666666666666664
697188,2023,ES,"Fathers and Mothers Who Care, Inc.",Maple House,Compton,90220,6,7,0.43,3522,241.43,62.034888579387186,0.0580916666666666,,,503.14285714285717
697626,2023,TH,First Place for Youth,Transitional Housing Program SPA 8,Inglewood,90302,8,9,0.78,925,241.43,62.034888579387186,0.0580916666666666,1.0,9638.88,102.77777777777777
697271,2023,ES,First To Serve Inc.,DMH Interim Housing Adult Male Center,Los Angeles,90044,8,12,1.0,925,241.43,62.034888579387186,0.0580916666666666,699.0,4274.940500715308,77.08333333333333
697371,2023,ES,First To Serve Inc.,PHK Harbor City Interim Housing,Harbor City,90710,8,54,0.15,925,241.43,62.034888579387186,0.0580916666666666,148.0,7125.867027027028,17.12962962962963
697523,2023,ES,First To Serve Inc.,Winter Shelter Program Long Beach,Long Beach,90804,8,81,0.84,925,241.43,62.034888579387186,0.0580916666666666,,,11.419753086419753
697487,2023,ES,Harbor Interfaith Services,ESG-CV Torrance Pallet Emergency Shelter Program,Torrance,90503,8,40,0.98,925,241.43,62.034888579387186,0.0580916666666666,,,23.125
697383,2023,ES,Harbor Interfaith Services,Redondo Beach Pallet Shelter,Redondo Beach,90278,8,20,1.0,925,241.43,62.034888579387186,0.0580916666666666,,,46.25
697619,2023,TH,Hillsides,ILP SPA 3 Youth Moving On,Pasadena,91106,3,10,0.9,830,241.43,62.034888579387186,0.0580916666666666,,,83.0
697474,2023,ES,"HOLA Recuperative Care, Inc.",HOLA Recuperative Care,Palmadale,93550,1,55,0.55,189,241.43,62.034888579387186,0.0580916666666666,,,3.4363636363636365
697273,2023,ES,"Holliday's Helping Hands, Inc.",DHS Recuperative Care Torrance,Torrance,90501,8,53,0.6,925,241.43,62.034888579387186,0.0580916666666666,132.0,3703.73696969697,17.452830188679247
697684,2023,TH,Homes for Life Foundation,ILP SPA 3 Athena Homes,Alhambra,91801,3,18,0.89,830,241.43,62.034888579387186,0.0580916666666666,,,46.111111111111114
697346,2023,ES,Horizon Recuperative Care,Vermont Recuperative Care,Los Angeles,90044,6,30,0.97,3522,241.43,62.034888579387186,0.0580916666666666,699.0,4274.940500715308,117.4
697478,2023,ES,Illumination Foundation,DHS Interim Housing Whittier,Whittier,90604,7,85,0.84,1041,241.43,62.034888579387186,0.0580916666666666,,,12.24705882352941
697525,2023,ES,"Jovenes, Inc.",Bridge Housing Cerritos,Norwalk,90650,7,16,,1041,241.43,62.034888579387186,0.0580916666666666,,,65.0625
697526,2023,ES,"Jovenes, Inc.",Bridge Housing CPP,Pomona,91768,3,14,0.14,830,241.43,62.034888579387186,0.0580916666666666,,,59.285714285714285
697527,2023,ES,"Jovenes, Inc.",Bridge Housing Mt. SAC,West Covina,91792,3,7,0.57,830,241.43,62.034888579387186,0.0580916666666666,,,118.57142857142857
697327,2023,ES,"Jovenes, Inc.",CES Bridge Housing Cerritos College Success Initiative,Norwalk,90650,7,12,0.67,1041,241.43,62.034888579387186,0.0580916666666666,,,86.75
698166,2023,TH,"Jovenes, Inc.",CES Transitional Housing Youth SPA 7 (New),Bellflower,90706,7,23,0.83,1041,241.43,62.034888579387186,0.0580916666666666,,,45.26086956521739
697991,2023,TH,"Jovenes, Inc.",Host Homes Transitional Housing,Norwalk,90650,7,15,0.27,1041,241.43,62.034888579387186,0.0580916666666666,,,69.4
698269,2023,TH,Just Us 4 Youth,YHDP TH-Joint Component,Pomona,91767,3,20,0.0,830,241.43,62.034888579387186,0.0580916666666666,,,41.5
697299,2023,ES,"JWCH Institute, Inc.",DHS Interim Housing MLK,Los Angeles,90059,6,96,0.65,3522,241.43,62.034888579387186,0.0580916666666666,137.0,5166.767372262774,36.6875
697341,2023,ES,Los Angeles Center for Alcohol and Drug Abuse (LA CADA),Emergency Housing First Street,Alhambra,91801,3,10,1.0,830,241.43,62.034888579387186,0.0580916666666666,,,83.0
697424,2023,ES,Los Angeles Center for Alcohol and Drug Abuse (LA CADA),Recovery Bridge Housing Alhambra House,Alhambra,91803,3,26,1.08,830,241.43,62.034888579387186,0.0580916666666666,,,31.923076923076923
697286,2023,ES,Los Angeles Center for Alcohol and Drug Abuse (LA CADA),Recovery Bridge Housing Casa Del Corazon,Santa Fe Springs,90670,7,60,1.07,1041,241.43,62.034888579387186,0.0580916666666666,,,17.35
697284,2023,ES,Los Angeles Center for Alcohol and Drug Abuse (LA CADA),Recovery Bridge Housing Start House,Altadena,91001,3,16,1.31,830,241.43,62.034888579387186,0.0580916666666666,,,51.875
697345,2023,ES,Los Angeles Center for Alcohol and Drug Abuse (LA CADA),Residential Treatment Center Allen House,Santa Fe Springs,90670,7,60,0.95,1041,241.43,62.034888579387186,0.0580916666666666,,,17.35
697287,2023,ES,Los Angeles Center for Alcohol and Drug Abuse (LA CADA),Residential Treatment Facility Alice’s House,Whittier ,90604,7,16,0.69,1041,241.43,62.034888579387186,0.0580916666666666,,,65.0625
697344,2023,ES,Los Angeles Center for Alcohol and Drug Abuse (LA CADA),Residential Treatment Facility Nuestra Casa,South Gate,90280,7,42,0.9,1041,241.43,62.034888579387186,0.0580916666666666,,,24.785714285714285
697232,2023,ES,Los Angeles County Department of Public Social Services (DPSS),Cal Works Homeless Assistance Program 04 El Monte (Vouchers),El Monte,91731,3,229,1.0,830,241.43,62.034888579387186,0.0580916666666666,,,3.6244541484716155
697236,2023,ES,Los Angeles County Department of Public Social Services (DPSS),Cal Works Homeless Assistance Program 05 Belvedere (Vouchers),Los Angeles,90022,7,54,1.0,1041,241.43,62.034888579387186,0.0580916666666666,,,19.27777777777778
697238,2023,ES,Los Angeles County Department of Public Social Services (DPSS),Cal Works Homeless Assistance Program 17 Florence (Vouchers),Los Angeles,90001,7,434,1.0,1041,241.43,62.034888579387186,0.0580916666666666,68.0,5723.940294117647,2.3986175115207375
697240,2023,ES,Los Angeles County Department of Public Social Services (DPSS),Cal Works Homeless Assistance Program 26 Compton (Vouchers),Compton,90220,6,149,1.0,3522,241.43,62.034888579387186,0.0580916666666666,,,23.63758389261745
697226,2023,ES,Los Angeles County Department of Public Social Services (DPSS),Cal Works Homeless Assistance Program 27 S Central (Vouchers),Los Angeles,90044,6,607,1.0,3522,241.43,62.034888579387186,0.0580916666666666,699.0,4274.940500715308,5.802306425041186
697242,2023,ES,Los Angeles County Department of Public Social Services (DPSS),Cal Works Homeless Assistance Program 31 South Family (Vouchers),Compton,90221,8,176,1.0,925,241.43,62.034888579387186,0.0580916666666666,,,5.255681818181818
697220,2023,ES,Los Angeles County Department of Public Social Services (DPSS),Cal Works Homeless Assistance Program 34 Lancaster (Vouchers),Lancaster,93535,1,680,1.0,189,241.43,62.034888579387186,0.0580916666666666,,,0.27794117647058825
697230,2023,ES,Los Angeles County Department of Public Social Services (DPSS),Cal Works Homeless Assistance Program 36 Pomona (Vouchers),Pomona,91768,3,143,1.0,830,241.43,62.034888579387186,0.0580916666666666,,,5.804195804195804
697244,2023,ES,Los Angeles County Department of Public Social Services (DPSS),Cal Works Homeless Assistance Program 40 Norwalk (Vouchers),Norwalk,90650,7,71,0.86,1041,241.43,62.034888579387186,0.0580916666666666,,,14.661971830985916
697234,2023,ES,Los Angeles County Department of Public Social Services (DPSS),Cal Works Homeless Assistance Program 51 Santa Clarita (Vouchers),Canyon Country,91351,2,22,1.0,2197,241.43,62.034888579387186,0.0580916666666666,,,99.86363636363636
697483,2023,ES,Los Angeles County Department of Public Social Services (DPSS),Cal Works Homeless Assistance Program Customer Service Centers (Vouchers),La Puente,91746,3,60,1.0,830,241.43,62.034888579387186,0.0580916666666666,,,13.833333333333334
698241,2023,TH,Men Taking Over Reforming society Inc (M.E.N.TO.R.S),M.E.N.T.O.R.S. Hawthorne,Hawthorne,90250,8,24,,925,241.43,62.034888579387186,0.0580916666666666,,,38.541666666666664
697315,2023,ES,Mercy House,Bellflower Temporary Emergency Shelter,Bellflower,90706,7,50,0.86,1041,241.43,62.034888579387186,0.0580916666666666,,,20.82
697165,2023,ES,New Directions for Veterans,CES Bridge Housing Program,Los Angeles,90073,5,5,0.6,1254,241.43,62.034888579387186,0.0580916666666666,2.0,0.0,250.8
697137,2023,ES,New Directions for Veterans,CES Crisis Housing Program,Los Angeles,90073,5,9,0.22,1254,241.43,62.034888579387186,0.0580916666666666,2.0,0.0,139.33333333333334
697485,2023,ES,New Directions for Veterans,HCHV 257 Bridge Welcome Center,Los Angeles,90073,5,18,0.5,1254,241.43,62.034888579387186,0.0580916666666666,2.0,0.0,69.66666666666667
698016,2023,TH,New Directions for Veterans,VA Clinical Treatment Transitional,Los Angeles,90073,5,68,0.34,1254,241.43,62.034888579387186,0.0580916666666666,2.0,0.0,18.441176470588236
698017,2023,SH,New Directions for Veterans,VA Low Demand Transitional,Los Angeles,90073,5,60,0.9,1254,241.43,62.034888579387186,0.0580916666666666,2.0,0.0,20.9
697459,2023,ES,New Reflections Inc.,Bridge Housing Roadmap NRI,Los Angeles,90044,8,25,0.6,925,241.43,62.034888579387186,0.0580916666666666,699.0,4274.940500715308,37.0
697420,2023,ES,New Reflections Inc.,NRI Emergency Shelter 85th Families,Los Angeles,90044,8,7,0.14,925,241.43,62.034888579387186,0.0580916666666666,699.0,4274.940500715308,132.14285714285714
697625,2023,TH,Penny Lane Centers,Cedar Ridge Transitional Housing,Lancaster,93534,1,7,0.43,189,241.43,62.034888579387186,0.0580916666666666,,,27.0
697277,2023,ES,Prototypes,DHS Interim Housing,Pomona,91767,3,45,0.67,830,241.43,62.034888579387186,0.0580916666666666,,,18.444444444444443
697276,2023,ES,Prototypes,DPH Interim Housing RBH - SAPC,Pomona,91767,3,48,0.62,830,241.43,62.034888579387186,0.0580916666666666,,,17.291666666666668
698277,2023,TH,Safe Place for Youth,RHY Maternity Group Home Program,Inglewood,90301,8,18,0.11,925,241.43,62.034888579387186,0.0580916666666666,,,51.388888888888886
697875,2023,TH,Sanctuary of Hope,CES Transitional Housing Hope Connections SPA 8,Hawthorne,90250,8,10,0.8,925,241.43,62.034888579387186,0.0580916666666666,,,92.5
698271,2023,TH,Sanctuary of Hope,YHDP TH-Joint Component,Ingelwood,90302,8,5,0.4,925,241.43,62.034888579387186,0.0580916666666666,1.0,9638.88,185.0
697210,2023,ES,"Serenity Recuperative Care, Inc.",DHS Stabilization Cabrillo,Torrance,90501,8,22,0.86,925,241.43,62.034888579387186,0.0580916666666666,132.0,3703.73696969697,42.04545454545455
697379,2023,ES,"Special Service for Groups, Inc.",PHK County Travel Plaza Inn,Compton,90221,6,148,0.64,3522,241.43,62.034888579387186,0.0580916666666666,,,23.7972972972973
697130,2023,ES,"Special Service for Groups, Inc.",SSG FSC Crisis Housing,Los Angeles,90044,8,736,0.96,925,241.43,62.034888579387186,0.0580916666666666,699.0,4274.940500715308,1.2567934782608696
698163,2023,TH,Sycamores,CES Transitional Housing Youth (New),West Covina,91792,3,74,0.88,830,241.43,62.034888579387186,0.0580916666666666,,,11.216216216216216
698164,2023,TH,Sycamores,CES Transitional Housing Youth Families (New),West Covina,91792,3,12,0.75,830,241.43,62.034888579387186,0.0580916666666666,,,69.16666666666667
697830,2023,TH,Sycamores,ILP 2017ILP28,Altadena,91001,3,6,0.83,830,241.43,62.034888579387186,0.0580916666666666,,,138.33333333333334
697832,2023,TH,Sycamores,ILP SPA 3 2017ILP25,San Gabriel,91775,3,26,0.73,830,241.43,62.034888579387186,0.0580916666666666,,,31.923076923076923
697831,2023,TH,Sycamores,ILP SPA 8 2017ILP30,Azusa,91702,3,6,0.5,830,241.43,62.034888579387186,0.0580916666666666,,,138.33333333333334
697866,2023,SH,The People Concern,CA0527 Westside Safe Haven - Residential Program,Santa Monica,90404,5,25,0.76,1254,241.43,62.034888579387186,0.0580916666666666,,,50.16
697336,2023,ES,The People Concern,CES Bridge Housing Kensington SPA 1,Lancaster,93536,1,37,0.59,189,241.43,62.034888579387186,0.0580916666666666,,,5.108108108108108
697167,2023,ES,The People Concern,CES Bridge Housing Program SPA 5,Santa Monica,90404,5,3,0.67,1254,241.43,62.034888579387186,0.0580916666666666,,,418.0
697162,2023,ES,The People Concern,CES Crisis Housing Program CITY SPA 5,Santa Monica,90404,5,6,1.0,1254,241.43,62.034888579387186,0.0580916666666666,,,209.0
697334,2023,ES,The People Concern,CES Enhanced Bridge Housing Older Adults SPA 1,Lancaster,93536,1,21,0.76,189,241.43,62.034888579387186,0.0580916666666666,,,9.0
697335,2023,ES,The People Concern,CES Enhanced Bridge Housing Single Females SPA 1,Lancaster,93536,1,22,0.59,189,241.43,62.034888579387186,0.0580916666666666,,,8.590909090909092
697513,2023,ES,The People Concern,COL Interim Housing SPA 1,Lancaster,93536,1,5,0.4,189,241.43,62.034888579387186,0.0580916666666666,,,37.8
697136,2023,ES,The People Concern,DHS Interim Housing SOLAR,Compton,90221,6,38,0.5,3522,241.43,62.034888579387186,0.0580916666666666,,,92.6842105263158
697263,2023,ES,The People Concern,DMH Interim Housing Cloverfield/Daybreak,Santa Monica,90404,5,9,1.0,1254,241.43,62.034888579387186,0.0580916666666666,,,139.33333333333334
697343,2023,ES,The People Concern,DMH Interim Housing Kensington,Lancaster,93536,1,27,0.7,189,241.43,62.034888579387186,0.0580916666666666,,,7.0
697131,2023,ES,The People Concern,DMH Interim Housing Samoshel,Santa Monica,90401,5,20,0.85,1254,241.43,62.034888579387186,0.0580916666666666,,,62.7
697267,2023,ES,The People Concern,DMH Interim Housing Turning Point,Santa Monica,90404,5,6,0.67,1254,241.43,62.034888579387186,0.0580916666666666,,,209.0
697364,2023,ES,The People Concern,Non-DMH Interim Housing Daybreak Residents,Santa Monica,90404,5,16,0.62,1254,241.43,62.034888579387186,0.0580916666666666,,,78.375
697374,2023,ES,The People Concern,SAMOSHEL Interim Housing,Santa Monica,90401,5,40,0.22,1254,241.43,62.034888579387186,0.0580916666666666,,,31.35
697387,2023,ES,The People Concern,Turning Point Case Management,Santa Monica,90404,5,34,0.5,1254,241.43,62.034888579387186,0.0580916666666666,,,36.88235294117647
697501,2023,ES,The Salvation Army,Bell Shelter City of Bell,Bell,90201,7,36,0.97,1041,241.43,62.034888579387186,0.0580916666666666,,,28.916666666666668
697508,2023,ES,The Salvation Army,Bell Shelter City of Paramount,Bell,90201,7,12,1.0,1041,241.43,62.034888579387186,0.0580916666666666,,,86.75
697502,2023,ES,The Salvation Army,Bell Shelter District 1,Bell,90201,7,4,0.5,1041,241.43,62.034888579387186,0.0580916666666666,,,260.25
697747,2023,TH,The Salvation Army,Bell Shelter Transitional Housing,Bell,90201,7,10,1.1,1041,241.43,62.034888579387186,0.0580916666666666,,,104.1
697134,2023,ES,The Salvation Army,CES Bridge Housing Program Reserved,Bell,90201,7,19,0.42,1041,241.43,62.034888579387186,0.0580916666666666,,,54.78947368421053
697444,2023,ES,The Salvation Army,CES Crisis Housing Program (New),Bell,90201,7,57,0.89,1041,241.43,62.034888579387186,0.0580916666666666,,,18.263157894736842
697891,2023,TH,The Salvation Army,CES Transitional Housing SPA 1, Palmdale,93550,1,11,0.45,189,241.43,62.034888579387186,0.0580916666666666,,,17.181818181818183
697268,2023,ES,The Salvation Army,DMH Interim Housing Bell Shelter,Bell,90201,7,95,0.38,1041,241.43,62.034888579387186,0.0580916666666666,,,10.957894736842105
697363,2023,ES,The Salvation Army,DMH Interim Housing Santa Fe Springs,Whittier,90606,7,116,0.24,1041,241.43,62.034888579387186,0.0580916666666666,,,8.974137931034482
697362,2023,ES,The Salvation Army,DMH Interim Housing West Wing,Whittier,90606,7,24,0.25,1041,241.43,62.034888579387186,0.0580916666666666,,,43.375
697855,2023,TH,The Salvation Army,GPD VA Bridge Housing Program,Bell,90201,7,20,0.1,1041,241.43,62.034888579387186,0.0580916666666666,,,52.05
697856,2023,TH,The Salvation Army,GPD VA Clinical Treatment,Bell,90201,7,50,0.18,1041,241.43,62.034888579387186,0.0580916666666666,,,20.82
697854,2023,SH,The Salvation Army,GPD VA Low Demand Safe Haven,Bell,90201,7,30,0.6,1041,241.43,62.034888579387186,0.0580916666666666,,,34.7
697853,2023,TH,The Salvation Army,GPD VA Service Intensive Transitional Housing Bell Shelter,Bell,90201,7,71,0.52,1041,241.43,62.034888579387186,0.0580916666666666,,,14.661971830985916
697302,2023,ES,The Salvation Army,TSA FSC Westwood Transitional Village Crisis Housing,Los Angeles,90025,5,105,1.01,1254,241.43,62.034888579387186,0.0580916666666666,699.0,4914.6718168812595,11.942857142857143
697850,2023,TH,The Salvation Army,VA Transitional Housing Westwood,Los Angeles,90025,5,26,0.77,1254,241.43,62.034888579387186,0.0580916666666666,699.0,4914.6718168812595,48.23076923076923
698127,2023,TH,The Salvation Army,Wellness Center Transitional Housing,Bell,90201,7,36,0.44,1041,241.43,62.034888579387186,0.0580916666666666,,,28.916666666666668
697340,2023,ES,The Salvation Army,Whittier Emergency Shelter,Whittier,90602,7,139,0.01,1041,241.43,62.034888579387186,0.0580916666666666,,,7.489208633093525
697118,2023,ES,The Salvation Army,Whittier Navigation Center,Whittier,90606,7,114,1.0,1041,241.43,62.034888579387186,0.0580916666666666,,,9.131578947368421
697184,2023,ES,The Village Family Services,CES Bridge Housing Program Hope of the Valley,Burbank,91502,2,20,0.9,2197,241.43,62.034888579387186,0.0580916666666666,,,109.85
697631,2023,TH,The Village Family Services,CES Transitional Housing Program Hope of the Valley SPA 2,Burbank,91502,2,16,1.0,2197,241.43,62.034888579387186,0.0580916666666666,,,137.3125
697430,2023,ES,The Whole Child,TWC FSC Crisis Housing Motel/Hotel Vouchers 2 (Vouchers),Whittier,90603,7,21,1.0,1041,241.43,62.034888579387186,0.0580916666666666,,,49.57142857142857
697360,2023,ES,Timelist Group Inc,DHS Interim Housing Pathway Homes - Holmes,Los Angeles,90002,6,23,0.91,3522,241.43,62.034888579387186,0.0580916666666666,137.0,4248.482408759124,153.1304347826087
698026,2023,TH,Total Restoration Ministries,Substance Abuse Recovery,Pomona,91767,3,24,1.0,830,241.43,62.034888579387186,0.0580916666666666,,,34.583333333333336
697506,2023,ES,Union Rescue Mission,Angeles House,Los Angeles,90061,6,364,,3522,241.43,62.034888579387186,0.0580916666666666,297.0,3754.2959259259255,9.675824175824175
697472,2023,ES,Union Station Homeless Services,PHK CITY El Monte,El Monte,91731,3,41,1.0,830,241.43,62.034888579387186,0.0580916666666666,,,20.24390243902439
697475,2023,ES,Union Station Homeless Services,USHS Cities Motel Vouchers (Vouchers),Baldwin Park,91706,3,3,1.0,830,241.43,62.034888579387186,0.0580916666666666,,,276.6666666666667
697200,2023,ES,Union Station Homeless Services,USHS FSC Crisis Housing Vouchers (Vouchers),Irwindale,91706,3,65,1.0,830,241.43,62.034888579387186,0.0580916666666666,,,12.76923076923077
698171,2023,TH,United Friends of the Children,CES Transitional Housing Youth SPA 7 (New),Whittier,90604,7,70,0.63,1041,241.43,62.034888579387186,0.0580916666666666,,,14.871428571428572
698176,2023,TH,United Friends of the Children,CES Transitional Housing Youth SPA 8 (New),Los Angeles,90022,7,8,0.88,1041,241.43,62.034888579387186,0.0580916666666666,,,130.125
697807,2023,TH,United Friends of the Children,ILP SPA 7 Pathways to Independence,Whittier,90604,7,17,0.71,1041,241.43,62.034888579387186,0.0580916666666666,,,61.23529411764706
697436,2023,ES,"United States Veterans Initiative, Inc.",B7 Bridge Housing Program,Inglewood,90301,8,19,0.53,925,241.43,62.034888579387186,0.0580916666666666,,,48.68421052631579
697796,2023,TH,"United States Veterans Initiative, Inc.",CA0520 Veterans In Progress,Inglewood,90301,8,170,0.73,925,241.43,62.034888579387186,0.0580916666666666,,,5.4411764705882355
697168,2023,ES,"United States Veterans Initiative, Inc.",CES Bridge Housing Program,Inglewood,90301,8,7,0.57,925,241.43,62.034888579387186,0.0580916666666666,,,132.14285714285714
697142,2023,ES,"United States Veterans Initiative, Inc.",CES Crisis Housing Program,Inglewood,90301,8,14,1.14,925,241.43,62.034888579387186,0.0580916666666666,,,66.07142857142857
697782,2023,TH,Upward Bound House,CA0518 Family Place Transitional SHP,Santa Monica,90403,5,65,0.88,1254,241.43,62.034888579387186,0.0580916666666666,,,19.29230769230769
697150,2023,ES,Upward Bound House,LA County Emergency Shelter,Culver City ,90066,5,18,0.83,1254,241.43,62.034888579387186,0.0580916666666666,748.0,3508.160975935829,69.66666666666667
697124,2023,ES,Upward Bound House,UBH FSC Crisis Housing SPA 5,Culver City ,90066,5,32,0.72,1254,241.43,62.034888579387186,0.0580916666666666,748.0,3508.160975935829,39.1875
697301,2023,ES,Valley Oasis,AVD FSC Crisis Housing,Palmdale,93550,1,32,0.94,189,241.43,62.034888579387186,0.0580916666666666,,,5.90625
697140,2023,ES,Valley Oasis,CES Crisis Housing Program,Lancaster,93536,1,2,0.5,189,241.43,62.034888579387186,0.0580916666666666,,,94.5
697992,2023,TH,Valley Oasis,Host Homes Transitional Housing,Lancaster,93535,1,15,0.13,189,241.43,62.034888579387186,0.0580916666666666,,,12.6
697471,2023,ES,Volunteers of America of Los Angeles,CES Bridge Housing for Women Awakenings,Whittier,90604,7,19,0.32,1041,241.43,62.034888579387186,0.0580916666666666,,,54.78947368421053
697192,2023,ES,Volunteers of America of Los Angeles,CES Bridge Housing for Women Foley,Whittier,90604,7,40,0.55,1041,241.43,62.034888579387186,0.0580916666666666,,,26.025
697177,2023,ES,Volunteers of America of Los Angeles,CES Bridge Housing Program SPA 3,Pomona,91767,3,1,1.0,830,241.43,62.034888579387186,0.0580916666666666,,,830.0
697435,2023,ES,Volunteers of America of Los Angeles,CES Crisis Housing High Desert MACC,Lancaster,93536,1,93,0.01,189,241.43,62.034888579387186,0.0580916666666666,,,2.032258064516129
697145,2023,ES,Volunteers of America of Los Angeles,CES Crisis Housing Program SPA 3,Pomona,91767,3,2,1.0,830,241.43,62.034888579387186,0.0580916666666666,,,415.0
697538,2023,ES,Volunteers of America of Los Angeles,Family Crisis Housing Project SPA 3 (Vouchers),Pomona,91767,3,6,1.0,830,241.43,62.034888579387186,0.0580916666666666,,,138.33333333333334
697355,2023,ES,Volunteers of America of Los Angeles,PHK County Motel 6 Hacienda Heights,Hacienda Heights,91745,3,151,0.54,830,241.43,62.034888579387186,0.0580916666666666,,,5.496688741721854
697904,2023,TH,Volunteers of America of Los Angeles,RHY Transitional Living Program SPA 1,Lancaster,93535,1,8,0.75,189,241.43,62.034888579387186,0.0580916666666666,,,23.625
697500,2023,ES,Volunteers of America of Los Angeles,Tiny Home Village Montebello,Montebello,90640,7,30,0.9,1041,241.43,62.034888579387186,0.0580916666666666,,,34.7
697469,2023,ES,Volunteers of America of Los Angeles,Winter Shelter Program High Desert MACC VOA,Lancaster,93536,1,25,0.92,189,241.43,62.034888579387186,0.0580916666666666,,,7.56
697497,2023,ES,Whittier First Day Coalition,B7 Bridge Housing Program (New),Whittier,90602,7,18,0.89,1041,241.43,62.034888579387186,0.0580916666666666,,,57.833333333333336
697531,2023,ES,Whittier First Day Coalition,CES Bridge Housing SPA 7,Whittier,90602,7,16,0.06,1041,241.43,62.034888579387186,0.0580916666666666,,,65.0625
697354,2023,ES,Whittier First Day Coalition,PHK County Motel 6 Whittier,Whittier,90606,7,103,0.11,1041,241.43,62.034888579387186,0.0580916666666666,,,10.106796116504855
697517,2023,ES,Whittier First Day Coalition,Winter Shelter Program Whittier,Whittier,90602,7,8,0.62,1041,241.43,62.034888579387186,0.0580916666666666,,,130.125
697125,2023,ES,"Catholic Charities of Los Angeles, Inc.",CCL FSC Crisis Housing 14th (Vouchers),Los Angeles,90015,4,2,1.0,6327,241.43,62.034888579387186,0.0580916666666666,2998.0,3766.139813208806,3163.5
697486,2023,ES,Downtown Womens Center,CES Enhanced Bridge Housing for Women,Los Angeles,90017,4,68,0.79,6327,241.43,62.034888579387186,0.0580916666666666,3813.0,3296.7329819040124,93.04411764705883
697353,2023,ES,"Exodus Recovery, Inc.",DHS Interim Housing Broadway,Los Angeles,90031,4,45,0.69,6327,241.43,62.034888579387186,0.0580916666666666,244.0,3254.7398770491804,140.6
697197,2023,ES,First To Serve Inc.,DHS Interim Housing Coronado,Los Angeles,90007,4,124,0.73,6327,241.43,62.034888579387186,0.0580916666666666,1665.0,2174.0454714714715,51.024193548387096
697269,2023,ES,First To Serve Inc.,DMH Interim Housing Coronado,Los Angeles,90007,4,16,0.81,6327,241.43,62.034888579387186,0.0580916666666666,1665.0,2174.0454714714715,395.4375
697537,2023,ES,Hope of the Valley Rescue Mission,FSC PHK 2.0 Alvarado Hotel SPA 4,Los Angeles,90057,4,88,,6327,241.43,62.034888579387186,0.0580916666666666,1720.0,3075.7380930232557,71.89772727272727
697467,2023,ES,Hope of the Valley Rescue Mission,Tiny Home Village Arroyo Seco,Los Angeles,90042,4,115,0.95,6327,241.43,62.034888579387186,0.0580916666666666,426.0,2788.425774647887,55.017391304347825
697521,2023,ES,"JWCH Institute, Inc.",Bridge Housing Roadmap New Beginnings/Cypress Park,Los Angeles,90031,4,132,,6327,241.43,62.034888579387186,0.0580916666666666,244.0,3254.7398770491804,47.93181818181818
697222,2023,ES,Los Angeles County Department of Public Social Services (DPSS),Cal Works Homeless Assistance Program 38 Metro North (Vouchers),Los Angeles,90057,4,197,1.0,6327,241.43,62.034888579387186,0.0580916666666666,1720.0,3075.7380930232557,32.11675126903553
698240,2023,TH,Men Taking Over Reforming society Inc (M.E.N.TO.R.S),M.E.N.T.O.R.S. Butterfly House,Los Angeles,90006,4,55,,6327,241.43,62.034888579387186,0.0580916666666666,1325.0,3687.629366037736,115.03636363636363
697147,2023,ES,National Health Foundation,CES Crisis Housing Program,Los Angeles,91746,4,7,1.0,6327,241.43,62.034888579387186,0.0580916666666666,,,903.8571428571429
697296,2023,ES,National Health Foundation,CES Enhanced Bridge Housing Older Adults,Los Angeles,91746,4,3,0.33,6327,241.43,62.034888579387186,0.0580916666666666,,,2109.0
697961,2023,TH,New Economics for Women,La Posada,Los Angeles,90017,4,100,1.0,6327,241.43,62.034888579387186,0.0580916666666666,3813.0,3296.7329819040124,63.27
697274,2023,ES,People Assisting the Homeless (PATH),A Bridge Home Casa Azul,Los Angeles,90057,4,41,0.61,6327,241.43,62.034888579387186,0.0580916666666666,1720.0,3075.7380930232557,154.3170731707317
697309,2023,ES,"Special Service for Groups, Inc.",CES Enhanced Bridge Housing Single Females,Los Angeles,90006,4,20,0.8,6327,241.43,62.034888579387186,0.0580916666666666,1325.0,3687.629366037736,316.35
697515,2023,ES,"Special Service for Groups, Inc.",DMH Interim Housing Journey To Wellness,Los Angeles,90042,4,22,0.82,6327,241.43,62.034888579387186,0.0580916666666666,426.0,2788.425774647887,287.59090909090907
697204,2023,ES,The Salvation Army,DHS Interim Housing Lilly's Place,Los Angeles,90006,4,32,0.72,6327,241.43,62.034888579387186,0.0580916666666666,1325.0,3687.629366037736,197.71875
698173,2023,TH,United Friends of the Children,CES Transitional Housing Youth Families SPA 7 (New),Los Angeles,90017,4,12,0.25,6327,241.43,62.034888579387186,0.0580916666666666,3813.0,3296.7329819040124,527.25
697367,2023,ES,Weingart Center Association,PHK CITY Beacon,Los Angeles,90017,4,91,0.97,6327,241.43,62.034888579387186,0.0580916666666666,3813.0,3296.7329819040124,69.52747252747253
697828,2023,TH,Wellnest Emotional Health & Wellness,ILP SPA 6,Los Angeles,90015,4,28,0.04,6327,241.43,62.034888579387186,0.0580916666666666,2998.0,3766.139813208806,225.96428571428572
697329,2023,ES,Hope of the Valley Rescue Mission,A Bridge Home Raymer CD2,North Hollywood,91605,2,85,0.61,2197,241.43,62.034888579387186,0.0580916666666666,1048.0,3490.5348377862592,25.847058823529412
697372,2023,ES,Hope of the Valley Rescue Mission,Tiny Home Village Chandler,North Hollywood,91601,2,70,0.67,2197,241.43,62.034888579387186,0.0580916666666666,2068.0,3683.208742746615,31.385714285714286
697460,2023,ES,Hope of the Valley Rescue Mission,Tiny Home Village Whitsett West,North Hollywood,91605,2,145,0.8,2197,241.43,62.034888579387186,0.0580916666666666,1048.0,3490.5348377862592,15.151724137931035
697201,2023,ES,LA Family Housing Corporation (LAFH),DHS Tyrone Family Crisis Housing,Van Nuys,91405,2,28,1.0,2197,241.43,62.034888579387186,0.0580916666666666,1069.0,3458.4821796071096,78.46428571428571
697689,2023,TH,Volunteers of America of Los Angeles,ILP SPA 2 Womens Care Cottage,North Hollywood,91606,2,30,0.47,2197,241.43,62.034888579387186,0.0580916666666666,566.0,3826.591219081272,73.23333333333333
697305,2023,ES,Volunteers of America of Los Angeles,RHY Basic Center - Emergency Shelter Program SPA 2,North Hollywood,91606,2,8,0.12,2197,241.43,62.034888579387186,0.0580916666666666,566.0,3826.591219081272,274.625
698188,2023,TH,Volunteers of America of Los Angeles,RHY Maternity Group Home,North Hollywood,91606,2,28,0.18,2197,241.43,62.034888579387186,0.0580916666666666,566.0,3826.591219081272,78.46428571428571
697536,2023,ES,Hope of the Valley Rescue Mission,FSC PHK 2.0 The Woodlands SPA 2,Woodland Hills,91364,2,200,,2197,241.43,62.034888579387186,0.0580916666666666,871.0,3331.321159586682,10.985
697412,2023,ES,Hope of the Valley Rescue Mission,Tiny Home Village Topham,Tarzana,91335,2,76,0.8,2197,241.43,62.034888579387186,0.0580916666666666,940.0,3615.937191489362,28.907894736842106
697411,2023,ES,Hope of the Valley Rescue Mission,Tiny Home Village Vanowen,Reseda,91335,2,51,0.86,2197,241.43,62.034888579387186,0.0580916666666666,940.0,3615.937191489362,43.07843137254902
697373,2023,ES,LA Family Housing Corporation (LAFH),A Bridge Home Canoga Park,Canoga Park,91304,2,81,0.83,2197,241.43,62.034888579387186,0.0580916666666666,995.0,3724.563025125628,27.123456790123456
697464,2023,ES,Tarzana Treatment Center,TTC Housing and Recovery Emergency Shelter,Tarzana,91356,2,8,1.0,2197,241.43,62.034888579387186,0.0580916666666666,337.0,3940.102462908012,274.625
697366,2023,ES,LA Family Housing Corporation (LAFH),PHK CITY Sieroty,Reseda,91335,2,61,0.93,2197,241.43,62.034888579387186,0.0580916666666666,940.0,3615.937191489362,36.01639344262295
697332,2023,ES,People Assisting the Homeless (PATH),A Bridge Home Los Feliz CD4,Los Angeles,90027,4,100,0.76,6327,241.43,62.034888579387186,0.0580916666666666,582.0,3795.0120618556703,63.27
697406,2023,ES,People Assisting the Homeless (PATH),A Bridge Home PAT FSC Crisis Housing Riverside,Los Angeles,90027,4,80,0.76,6327,241.43,62.034888579387186,0.0580916666666666,582.0,3795.0120618556703,79.0875
697395,2023,ES,People Assisting the Homeless (PATH),A Bridge Home PAT FSC Crisis Housing Wallis Aviva,Los Angeles,90046,4,30,0.9,6327,241.43,62.034888579387186,0.0580916666666666,1259.0,3406.145814138205,210.9
697396,2023,ES,People Assisting the Homeless (PATH),A Bridge Home PAT FSC Crisis Housing Wallis Roadmap,Los Angeles,90046,4,43,1.0,6327,241.43,62.034888579387186,0.0580916666666666,1259.0,3406.145814138205,147.13953488372093
697524,2023,ES,People Assisting the Homeless (PATH),Bridge Housing City Roadmap Highland Gardens,Los Angeles,90028,4,143,0.41,6327,241.43,62.034888579387186,0.0580916666666666,5419.0,3827.784559881897,44.24475524475525
697352,2023,ES,"Chabad of California, Inc.",SAPC Interim Housing Ridgeley,Los Angeles,90036,4,30,0.57,6327,241.43,62.034888579387186,0.0580916666666666,3897.0,3429.7726661534516,210.9
697228,2023,ES,Los Angeles County Department of Public Social Services (DPSS),Cal Works Homeless Assistance Program 60 Rancho Park (Vouchers),Los Angeles,90064,5,398,1.0,1254,241.43,62.034888579387186,0.0580916666666666,252.0,4869.2337301587295,3.150753768844221
697160,2023,ES,People Assisting the Homeless (PATH),A Bridge Home PAT FSC LA Cienega,Los Angeles,90035,4,40,0.9,6327,241.43,62.034888579387186,0.0580916666666666,356.0,5954.053005617978,158.175
697321,2023,ES,People Assisting the Homeless (PATH),HCHV PATH Cotner Veteran Care Program,Los Angeles,90064,5,30,0.77,1254,241.43,62.034888579387186,0.0580916666666666,252.0,4869.2337301587295,41.8
698278,2023,TH,Safe Place for Youth,RHY Transitional Living Program,Los Angeles,90024,5,20,0.3,1254,241.43,62.034888579387186,0.0580916666666666,783.0,5012.582145593869,62.7
698094,2023,TH,Volunteers of America of Los Angeles,GPD VS-90 Service Intense Transitional Housing,Los Angeles,90035,4,51,1.0,6327,241.43,62.034888579387186,0.0580916666666666,356.0,5954.053005617978,124.05882352941177
698090,2023,SH,Volunteers of America of Los Angeles,HCHV Recuperative Care Safe Haven,Los Angeles,90035,4,42,1.0,6327,241.43,62.034888579387186,0.0580916666666666,356.0,5954.053005617978,150.64285714285714
698089,2023,SH,Volunteers of America of Los Angeles,HCHV Safe Haven Emergency Residential,Los Angeles,90035,4,36,1.0,6327,241.43,62.034888579387186,0.0580916666666666,356.0,5954.053005617978,175.75
697433,2023,ES,Volunteers of America of Los Angeles,RHY Basic Center - Emergency Shelter Program SPA 4,Los Angeles,90004,4,8,0.25,6327,241.43,62.034888579387186,0.0580916666666666,1893.0,3511.49647649234,790.875
697461,2023,ES,Community Bridge Housing Corporation,Community House Saticoy,Van Nuys,91406,2,18,0.39,2197,241.43,62.034888579387186,0.0580916666666666,1006.0,3460.2478727634193,122.05555555555556
697418,2023,ES,Community Bridge Housing Corporation,Community House Van Nuys,Van Nuys,91401,2,15,0.87,2197,241.43,62.034888579387186,0.0580916666666666,421.0,4003.268266033254,146.46666666666667
697399,2023,ES,Home at Last Community Development Corporation,Bridge Housing City Roadmap Valley Haven,Van Nuys,91405,2,146,0.48,2197,241.43,62.034888579387186,0.0580916666666666,1069.0,3458.4821796071096,15.047945205479452
697338,2023,ES,Hope of the Valley Rescue Mission,A Bridge Home Van Nuys CD2,Van Nuys,91405,2,100,0.72,2197,241.43,62.034888579387186,0.0580916666666666,1069.0,3458.4821796071096,21.97
697477,2023,ES,Hope of the Valley Rescue Mission,Bridge Housing City Roadmap Trebek Center CD 12,Sun Valley,91352,2,107,0.64,2197,241.43,62.034888579387186,0.0580916666666666,531.0,2601.157306967985,20.53271028037383
697425,2023,ES,Hope of the Valley Rescue Mission,City Recovery Motel Vouchers SPA 2 (Vouchers),Van Nuys,91401,2,8,1.0,2197,241.43,62.034888579387186,0.0580916666666666,421.0,4003.268266033254,274.625
697434,2023,ES,Hope of the Valley Rescue Mission,House of Hope,Pacoima,91331,2,12,1.17,2197,241.43,62.034888579387186,0.0580916666666666,289.0,4013.3497923875434,183.08333333333334
697407,2023,ES,Hope of the Valley Rescue Mission,Tiny Home Village Alexandria Park,North Hollywood,91607,2,195,0.52,2197,241.43,62.034888579387186,0.0580916666666666,755.0,3848.1771655629136,11.266666666666667
697463,2023,ES,LA Family Housing Corporation (LAFH),Bridge Housing City Roadmap The Taper,North Hollywood,91605,2,49,0.92,2197,241.43,62.034888579387186,0.0580916666666666,1048.0,3490.5348377862592,44.83673469387755
697438,2023,ES,LA Family Housing Corporation (LAFH),CES Bridge Housing Program (New),Los Angeles,91605,2,69,1.04,2197,241.43,62.034888579387186,0.0580916666666666,1048.0,3490.5348377862592,31.840579710144926
697148,2023,ES,LA Family Housing Corporation (LAFH),CES Crisis Housing Program Path to Home,Los Angeles,91605,2,2,1.0,2197,241.43,62.034888579387186,0.0580916666666666,1048.0,3490.5348377862592,1098.5
697295,2023,ES,LA Family Housing Corporation (LAFH),CES Enhanced Bridge Housing Older Adults,Los Angeles,91605,2,25,0.76,2197,241.43,62.034888579387186,0.0580916666666666,1048.0,3490.5348377862592,87.88
697256,2023,ES,LA Family Housing Corporation (LAFH),DHS Interim Housing,Los Angeles,91605,2,30,1.0,2197,241.43,62.034888579387186,0.0580916666666666,1048.0,3490.5348377862592,73.23333333333333
697185,2023,ES,LA Family Housing Corporation (LAFH),DMH Family Interim Housing,North Hollywood,91605,2,20,1.0,2197,241.43,62.034888579387186,0.0580916666666666,1048.0,3490.5348377862592,109.85
697138,2023,ES,LA Family Housing Corporation (LAFH),DMH Interim Housing,Los Angeles,91605,2,50,1.0,2197,241.43,62.034888579387186,0.0580916666666666,1048.0,3490.5348377862592,43.94
697135,2023,ES,LA Family Housing Corporation (LAFH),LFH FSC Crisis Housing SPA 2,North Hollywood,91605,2,392,0.7,2197,241.43,62.034888579387186,0.0580916666666666,1048.0,3490.5348377862592,5.604591836734694
697943,2023,SH,LA Family Housing Corporation (LAFH),VA Low Demand Safe Haven,Los Angeles,91605,2,20,0.9,2197,241.43,62.034888579387186,0.0580916666666666,1048.0,3490.5348377862592,109.85
697214,2023,ES,Los Angeles County Department of Public Social Services (DPSS),Cal Works Homeless Assistance Program 11 East Valley (Vouchers),Van Nuys,91405,2,209,0.71,2197,241.43,62.034888579387186,0.0580916666666666,1069.0,3458.4821796071096,10.511961722488039
697308,2023,ES,"San Fernando Valley Community Mental Health Center, Inc.",DHS Interim Housing SRO,Van Nuys,91401,2,10,0.6,2197,241.43,62.034888579387186,0.0580916666666666,421.0,4003.268266033254,219.7
697307,2023,ES,"San Fernando Valley Community Mental Health Center, Inc.",DHS Interim Housing Town Homes,Van Nuys,91401,2,28,0.75,2197,241.43,62.034888579387186,0.0580916666666666,421.0,4003.268266033254,78.46428571428571
697328,2023,ES,The Salvation Army,A Bridge Home Aetna CD6,Van Nuys,91401,2,74,0.86,2197,241.43,62.034888579387186,0.0580916666666666,421.0,4003.268266033254,29.68918918918919
697385,2023,ES,Volunteers of America of Los Angeles,PHK CITY Sepulveda Villa,North Hills,91343,2,49,0.94,2197,241.43,62.034888579387186,0.0580916666666666,654.0,3892.277308868501,44.83673469387755
697516,2023,ES,Volunteers of America of Los Angeles,Tiny Home Sun Valley,Sun Valley,91352,2,161,,2197,241.43,62.034888579387186,0.0580916666666666,531.0,2601.157306967985,13.645962732919255
697679,2023,TH,Anti-Recidivism Coalition,Supportive Housing and Education Initiative Bromont,Sylmar,91342,2,36,0.78,2197,241.43,62.034888579387186,0.0580916666666666,656.0,3265.135426829268,61.02777777777778
697416,2023,ES,Community Bridge Housing Corporation,Community House Sylmar, Sylmar,91342,2,50,0.32,2197,241.43,62.034888579387186,0.0580916666666666,656.0,3265.135426829268,43.94
697496,2023,ES,Hope of the Valley Rescue Mission,B7 Bridge Housing Program SPA 2,Pacoima,91331,2,28,0.96,2197,241.43,62.034888579387186,0.0580916666666666,289.0,4013.3497923875434,78.46428571428571
697479,2023,ES,Illumination Foundation,DHS Interim Housing Sylmar,Sylmar,91342,2,48,0.73,2197,241.43,62.034888579387186,0.0580916666666666,656.0,3265.135426829268,45.770833333333336
697325,2023,ES,LA Family Housing Corporation (LAFH),A Bridge Home Sylmar,Sylmar,91342,2,70,0.76,2197,241.43,62.034888579387186,0.0580916666666666,656.0,3265.135426829268,31.385714285714286
697326,2023,ES,LA Family Housing Corporation (LAFH),DHS Recuperative Care Sylmar,Sylmar,91342,2,15,1.0,2197,241.43,62.034888579387186,0.0580916666666666,656.0,3265.135426829268,146.46666666666667
697437,2023,ES,LA Family Housing Corporation (LAFH),PHK CITY Encinitas,Sylmar,91342,2,101,0.92,2197,241.43,62.034888579387186,0.0580916666666666,656.0,3265.135426829268,21.752475247524753
698168,2023,TH,Penny Lane Centers,CES Transitional Housing Youth (New),North Hills,91343,2,48,0.79,2197,241.43,62.034888579387186,0.0580916666666666,654.0,3892.277308868501,45.770833333333336
697207,2023,ES,"Serenity Recuperative Care, Inc.",DHS Recuperative Care Lake View Terrance,Sylmar,91342,2,10,0.7,2197,241.43,62.034888579387186,0.0580916666666666,656.0,3265.135426829268,219.7
697419,2023,ES,A Step to Freedom,DHS ODR Interim Housing,Los Angeles,90003,6,45,1.0,3522,241.43,62.034888579387186,0.0580916666666666,651.0,4732.837803379416,78.26666666666667
697465,2023,ES,Assured Lifestyle Housing Inc,Emergency Housing 98th,Los Angeles,90003,6,20,0.8,3522,241.43,62.034888579387186,0.0580916666666666,651.0,4732.837803379416,176.1
697877,2023,TH,Christ-Centered Ministries,Restoration Re-Entry Residence Men,Los Angeles,90003,6,61,1.0,3522,241.43,62.034888579387186,0.0580916666666666,651.0,4732.837803379416,57.73770491803279
697186,2023,ES,"Fathers and Mothers Who Care, Inc.",Vernon House,Los Angeles,90062,6,7,0.14,3522,241.43,62.034888579387186,0.0580916666666666,217.0,5054.187741935484,503.14285714285717
697170,2023,ES,First To Serve Inc.,CES Bridge Housing Program,Los Angeles,90062,6,20,1.0,3522,241.43,62.034888579387186,0.0580916666666666,217.0,5054.187741935484,176.1
697141,2023,ES,First To Serve Inc.,CES Crisis Housing Program,Los Angeles,90062,6,39,0.97,3522,241.43,62.034888579387186,0.0580916666666666,217.0,5054.187741935484,90.3076923076923
697198,2023,ES,First To Serve Inc.,DHS Interim Housing Vernon,Los Angeles,90062,6,75,0.44,3522,241.43,62.034888579387186,0.0580916666666666,217.0,5054.187741935484,46.96
697270,2023,ES,First To Serve Inc.,DMH Interim Housing Family Center,Los Angeles,90037,6,29,0.34,3522,241.43,62.034888579387186,0.0580916666666666,605.0,3760.963438016529,121.44827586206897
697272,2023,ES,First To Serve Inc.,DMH Interim Housing for Women,Los Angeles,90037,6,22,0.73,3522,241.43,62.034888579387186,0.0580916666666666,605.0,3760.963438016529,160.0909090909091
697462,2023,ES,"Golden State Recuperative Care, Inc.",Recuperative Care,Los Angeles,90061,6,22,0.36,3522,241.43,62.034888579387186,0.0580916666666666,297.0,3754.2959259259255,160.0909090909091
697293,2023,ES,"Holliday's Helping Hands, Inc.",DHS ODR Recuperative Care 104th,Los Angeles,90003,6,23,0.43,3522,241.43,62.034888579387186,0.0580916666666666,651.0,4732.837803379416,153.1304347826087
697255,2023,ES,"Holliday's Helping Hands, Inc.",DHS Recuperative Care Women and Children,Los Angeles,90003,6,20,0.6,3522,241.43,62.034888579387186,0.0580916666666666,651.0,4732.837803379416,176.1
697397,2023,ES,Home at Last Community Development Corporation,Bridge Housing City Roadmap Broadway Matrix,Los Angeles,90003,6,150,0.83,3522,241.43,62.034888579387186,0.0580916666666666,651.0,4732.837803379416,23.48
697534,2023,ES,Home at Last Community Development Corporation,Winter Shelter Program Broadway SPA 6,Los Angeles,90003,6,80,,3522,241.43,62.034888579387186,0.0580916666666666,651.0,4732.837803379416,44.025
697514,2023,ES,Home at Last Community Development Corporation,Winter Shelter Program Western,Los Angeles,90047,6,60,1.0,3522,241.43,62.034888579387186,0.0580916666666666,330.0,4351.156484848485,58.7
697529,2023,ES,"Jovenes, Inc.",Bridge Housing LASC,Los Angeles,90003,6,11,0.55,3522,241.43,62.034888579387186,0.0580916666666666,651.0,4732.837803379416,320.1818181818182
697422,2023,ES,New Reflections Inc.,NRI Emergency Shelter 95th Families,Los Angeles,90044,6,11,0.55,3522,241.43,62.034888579387186,0.0580916666666666,699.0,4274.940500715308,320.1818181818182
697415,2023,ES,New Reflections Inc.,NRI Emergency Shelter 95th Individuals,Los Angeles,90044,6,9,1.33,3522,241.43,62.034888579387186,0.0580916666666666,699.0,4274.940500715308,391.3333333333333
697190,2023,ES,Sanctuary of Hope,CES Bridge Housing Program,Los Angeles,90037,6,9,0.78,3522,241.43,62.034888579387186,0.0580916666666666,605.0,3760.963438016529,391.3333333333333
697208,2023,ES,"Serenity Recuperative Care, Inc.",DHS Recuperative Care Los Angeles,Los Angeles,90043,6,20,1.0,3522,241.43,62.034888579387186,0.0580916666666666,648.0,3834.286738794436,176.1
697291,2023,ES,"Special Service for Groups, Inc.",A Bridge Home St. Andrews Place,Los Angeles,90047,6,100,0.92,3522,241.43,62.034888579387186,0.0580916666666666,330.0,4351.156484848485,35.22
697403,2023,ES,"Special Service for Groups, Inc.",Bridge Housing City Roadmap Motorcycle Riders,Los Angeles,90044,8,28,0.71,925,241.43,62.034888579387186,0.0580916666666666,699.0,4274.940500715308,33.035714285714285
697178,2023,ES,"Special Service for Groups, Inc.",CES Bridge Housing Program TCLC,Los Angeles,90062,6,10,0.9,3522,241.43,62.034888579387186,0.0580916666666666,217.0,5054.187741935484,352.2
697146,2023,ES,"Special Service for Groups, Inc.",CES Crisis Housing Program TCLC,Los Angeles,90062,6,20,0.95,3522,241.43,62.034888579387186,0.0580916666666666,217.0,5054.187741935484,176.1
697392,2023,ES,"Special Service for Groups, Inc.",PHK CITY Restoration Apartments,Los Angeles,90018,6,25,0.72,3522,241.43,62.034888579387186,0.0580916666666666,532.0,4159.710639097744,140.88
697400,2023,ES,Testimonial Community Love Center,Bridge Housing City Roadmap South Western,Los Angeles,90062,6,7,0.71,3522,241.43,62.034888579387186,0.0580916666666666,217.0,5054.187741935484,503.14285714285717
697440,2023,ES,Testimonial Community Love Center,CES Bridge Housing Program (New),Los Angeles,90062,6,20,1.0,3522,241.43,62.034888579387186,0.0580916666666666,217.0,5054.187741935484,176.1
697441,2023,ES,Testimonial Community Love Center,CES Crisis Housing Program (New),Los Angeles,90062,6,40,1.2,3522,241.43,62.034888579387186,0.0580916666666666,217.0,5054.187741935484,88.05
697257,2023,ES,Testimonial Community Love Center,DMH Interim Housing Program,Los Angeles,90062,6,108,0.28,3522,241.43,62.034888579387186,0.0580916666666666,217.0,5054.187741935484,32.611111111111114
697979,2023,TH,The Amaad Institute,House of Resiliency,Los Angeles,90037,6,5,0.4,3522,241.43,62.034888579387186,0.0580916666666666,605.0,3760.963438016529,704.4
697382,2023,ES,Timelist Group Inc,DHS Interim Housing Pathway Homes - 8th Ave,Los Angeles,90043,6,40,0.9,3522,241.43,62.034888579387186,0.0580916666666666,648.0,3834.286738794436,88.05
697888,2023,TH,Upward Bound House,CES Transitional Housing Program SPA 6,Compton,90044,6,21,0.86,3522,241.43,62.034888579387186,0.0580916666666666,699.0,4274.940500715308,167.71428571428572
697161,2023,ES,Upward Bound House,UBH FSC Crisis Housing SPA 6,Los Angeles,90003,6,98,0.73,3522,241.43,62.034888579387186,0.0580916666666666,651.0,4732.837803379416,35.93877551020408
698272,2023,TH,Upward Bound House,YHDP TH-Joint Component,Los Angeles,90062,6,18,,3522,241.43,62.034888579387186,0.0580916666666666,217.0,5054.187741935484,195.66666666666666
697182,2023,ES,Volunteers of America of Los Angeles,CES Bridge Housing Program C4L,Los Angeles,90003,6,40,0.3,3522,241.43,62.034888579387186,0.0580916666666666,651.0,4732.837803379416,88.05
697128,2023,ES,Volunteers of America of Los Angeles,CES Crisis Housing Program C4L,Los Angeles,90003,6,40,0.45,3522,241.43,62.034888579387186,0.0580916666666666,651.0,4732.837803379416,88.05
698276,2023,TH,Volunteers of America of Los Angeles,RHY Transitional Living Program SPA 2,Los Angeles,90043,6,10,0.2,3522,241.43,62.034888579387186,0.0580916666666666,648.0,3834.286738794436,352.2
697495,2023,ES,A Step to Freedom,B7 Bridge Housing Program SPA 6,Los Angeles,90003,6,24,0.46,3522,241.43,62.034888579387186,0.0580916666666666,651.0,4732.837803379416,146.75
697410,2023,ES,Alcott Center for Mental Health Services,DHS Interim Housing Fisher Place,Los Angeles,90037,6,43,0.91,3522,241.43,62.034888579387186,0.0580916666666666,605.0,3760.963438016529,81.90697674418605
697466,2023,ES,Assured Lifestyle Housing Inc,Emergency Housing 74th,Los Angeles,90003,6,20,0.2,3522,241.43,62.034888579387186,0.0580916666666666,651.0,4732.837803379416,176.1
697453,2023,ES,Christ-Centered Ministries,DSH (M),Los Angeles,90001,6,20,1.15,3522,241.43,62.034888579387186,0.0580916666666666,68.0,5723.940294117647,176.1
697454,2023,ES,Christ-Centered Ministries,DSH (W),Los Angeles,90001,6,20,0.95,3522,241.43,62.034888579387186,0.0580916666666666,68.0,5723.940294117647,176.1
697455,2023,ES,Christ-Centered Ministries,FIST (M),Los Angeles,90001,6,20,1.1,3522,241.43,62.034888579387186,0.0580916666666666,68.0,5723.940294117647,176.1
697458,2023,ES,Christ-Centered Ministries,Justice (W),Los Angeles,90003,6,20,0.75,3522,241.43,62.034888579387186,0.0580916666666666,651.0,4732.837803379416,176.1
697456,2023,ES,Christ-Centered Ministries,ODR (M),Los Angeles,90001,6,20,0.05,3522,241.43,62.034888579387186,0.0580916666666666,68.0,5723.940294117647,176.1
697457,2023,ES,Christ-Centered Ministries,ODR (W),Los Angeles,90001,6,20,0.8,3522,241.43,62.034888579387186,0.0580916666666666,68.0,5723.940294117647,176.1
697878,2023,TH,Christ-Centered Ministries,Restoration Re-Entry Residence Women,Los Angeles,90003,6,122,1.0,3522,241.43,62.034888579387186,0.0580916666666666,651.0,4732.837803379416,28.868852459016395
697447,2023,ES,Christ-Centered Ministries,VIP 1 (M) Interim Housing,Los Angeles,90011,6,20,0.65,3522,241.43,62.034888579387186,0.0580916666666666,608.0,3864.7060361842105,176.1
697448,2023,ES,Christ-Centered Ministries,VIP 2 (M) Interim Housing,Los Angeles,90011,6,20,0.7,3522,241.43,62.034888579387186,0.0580916666666666,608.0,3864.7060361842105,176.1
697191,2023,ES,Eula's House,DMH Interim Housing,Los Angeles,90037,6,15,1.0,3522,241.43,62.034888579387186,0.0580916666666666,605.0,3760.963438016529,234.8
697187,2023,ES,"Fathers and Mothers Who Care, Inc.",Overnight Accommodation,Los Angeles,90011,6,10,0.3,3522,241.43,62.034888579387186,0.0580916666666666,608.0,3864.7060361842105,352.2
697512,2023,ES,First To Serve Inc.,Bridge Housing City Roadmap King Solomon,Los Angeles,90044,6,45,0.36,3522,241.43,62.034888579387186,0.0580916666666666,699.0,4274.940500715308,78.26666666666667
697306,2023,ES,First To Serve Inc.,CES Crisis Housing Family,Los Angeles,90003,6,26,0.81,3522,241.43,62.034888579387186,0.0580916666666666,651.0,4732.837803379416,135.46153846153845
697499,2023,ES,First To Serve Inc.,DHS Interim Housing 32nd,Los Angeles,90011,6,28,0.43,3522,241.43,62.034888579387186,0.0580916666666666,608.0,3864.7060361842105,125.78571428571429
697202,2023,ES,First To Serve Inc.,DHS ODR Interim Housing 40th Place - Women,Los Angeles,90037,6,18,0.89,3522,241.43,62.034888579387186,0.0580916666666666,605.0,3760.963438016529,195.66666666666666
697398,2023,ES,Home at Last Community Development Corporation,Bridge Housing City Roadmap Central LIV,Los Angeles,90011,6,25,0.92,3522,241.43,62.034888579387186,0.0580916666666666,608.0,3864.7060361842105,140.88
697181,2023,ES,Home at Last Community Development Corporation,CES Bridge Housing Program Youth,Los Angeles,90011,6,45,0.24,3522,241.43,62.034888579387186,0.0580916666666666,608.0,3864.7060361842105,78.26666666666667
697180,2023,ES,Home at Last Community Development Corporation,CES Crisis Housing Program Youth,Los Angeles,90011,6,45,0.58,3522,241.43,62.034888579387186,0.0580916666666666,608.0,3864.7060361842105,78.26666666666667
697426,2023,ES,LA Global Care,City Recovery Motel Vouchers SPA 6 (Vouchers),Los Angeles,90044,6,7,1.0,3522,241.43,62.034888579387186,0.0580916666666666,699.0,4274.940500715308,503.14285714285717
697224,2023,ES,Los Angeles County Department of Public Social Services (DPSS),Cal Works Homeless Assistance Program 13 Metro Family (Vouchers),Los Angeles,90007,6,470,1.0,3522,241.43,62.034888579387186,0.0580916666666666,1665.0,2174.0454714714715,7.493617021276596
697488,2023,ES,Measure of Hearts,Measure of Hearts - 233 E 62nd st,Los Angeles,90003,6,10,,3522,241.43,62.034888579387186,0.0580916666666666,651.0,4732.837803379416,352.2
697489,2023,ES,Measure of Hearts,Measure of Hearts - 235 E 62nd st,Los Angeles,90003,6,10,0.4,3522,241.43,62.034888579387186,0.0580916666666666,651.0,4732.837803379416,352.2
697492,2023,ES,Measure of Hearts,Measure of Hearts - 324 W 46th St,Los Angeles,90037,6,10,0.1,3522,241.43,62.034888579387186,0.0580916666666666,605.0,3760.963438016529,352.2
697493,2023,ES,Measure of Hearts,Measure of Hearts - 326 W 46th St,Los Angeles,90037,6,10,0.1,3522,241.43,62.034888579387186,0.0580916666666666,605.0,3760.963438016529,352.2
697494,2023,ES,Measure of Hearts,Measure of Hearts - 422 E 61st St,Los Angeles,90003,6,10,,3522,241.43,62.034888579387186,0.0580916666666666,651.0,4732.837803379416,352.2
697490,2023,ES,Measure of Hearts,Measure of Hearts - 5838 Bonsallo Ave,Los Angeles,90044,6,10,,3522,241.43,62.034888579387186,0.0580916666666666,699.0,4274.940500715308,352.2
697491,2023,ES,Measure of Hearts,Measure of Hearts 5840 Bonsallo Ave,Los Angeles,90044,6,10,,3522,241.43,62.034888579387186,0.0580916666666666,699.0,4274.940500715308,352.2
697510,2023,ES,Noahs Foundation Inc.,N.O.A.H Emergency Housing,Los Angeles,90037,6,50,0.02,3522,241.43,62.034888579387186,0.0580916666666666,605.0,3760.963438016529,70.44
698184,2023,TH,Noahs Foundation Inc.,N.O.A.H's Transitional Living,Los Angeles,90003,6,22,0.14,3522,241.43,62.034888579387186,0.0580916666666666,651.0,4732.837803379416,160.0909090909091
697342,2023,ES,Open Arms Temporary Living,DHS Interim Housing Wesley,Los Angeles,90037,6,56,0.91,3522,241.43,62.034888579387186,0.0580916666666666,605.0,3760.963438016529,62.892857142857146
697262,2023,ES,Open Arms Temporary Living,Emergency Housing Independent Living,Los Angeles,90037,6,100,0.48,3522,241.43,62.034888579387186,0.0580916666666666,605.0,3760.963438016529,35.22
697507,2023,ES,Raise A Village LA,Interim Housing Men and Women,Los Angeles,90037,6,20,,3522,241.43,62.034888579387186,0.0580916666666666,605.0,3760.963438016529,176.1
697408,2023,ES,"Special Service for Groups, Inc.",A Bridge Home SSG FSC Crisis Housing Figueroa,Los Angeles,90037,6,30,0.87,3522,241.43,62.034888579387186,0.0580916666666666,605.0,3760.963438016529,117.4
697402,2023,ES,"Special Service for Groups, Inc.",Bridge Housing City Roadmap Abundant Blessings,Los Angeles,90011,4,68,1.0,6327,241.43,62.034888579387186,0.0580916666666666,608.0,3864.7060361842105,93.04411764705883
697378,2023,ES,"Special Service for Groups, Inc.",CES Bridge Housing Program LAGC,Los Angeles,90044,6,10,0.8,3522,241.43,62.034888579387186,0.0580916666666666,699.0,4274.940500715308,352.2
697179,2023,ES,"Special Service for Groups, Inc.",CES Crisis Housing Program LAGC,Los Angeles,90044,6,60,0.97,3522,241.43,62.034888579387186,0.0580916666666666,699.0,4274.940500715308,58.7
697317,2023,ES,St. Joseph Center,Crisis Housing Family Shelter Safe Landing for Families,Los Angeles,90003,6,40,0.3,3522,241.43,62.034888579387186,0.0580916666666666,651.0,4732.837803379416,88.05
698179,2023,TH,The Amaad Institute,Project Impact,Los Angeles,90003,6,10,0.1,3522,241.43,62.034888579387186,0.0580916666666666,651.0,4732.837803379416,352.2
698178,2023,TH,The Amaad Institute,Resilient Solutions SAMHSA,Los Angeles,90003,6,10,0.4,3522,241.43,62.034888579387186,0.0580916666666666,651.0,4732.837803379416,352.2
697890,2023,TH,The Salvation Army,CES Transitional Housing SPA 5,Los Angeles,90044,6,12,0.75,3522,241.43,62.034888579387186,0.0580916666666666,699.0,4274.940500715308,293.5
697892,2023,TH,The Salvation Army,GPD VA Bridge Housing Program Hope Harbor,Los Angeles,90007,6,5,0.4,3522,241.43,62.034888579387186,0.0580916666666666,1665.0,2174.0454714714715,704.4
697699,2023,TH,The Salvation Army,GPD VA Clinical Treatment Hope Harbor,Los Angeles,90007,6,42,1.0,3522,241.43,62.034888579387186,0.0580916666666666,1665.0,2174.0454714714715,83.85714285714286
697381,2023,ES,Timelist Group Inc,DHS Interim Housing Pathway Homes - 61st,Los Angeles,90044,6,23,0.83,3522,241.43,62.034888579387186,0.0580916666666666,699.0,4274.940500715308,153.1304347826087
697361,2023,ES,Triangle Christian Services,Interim Housing San Pedro,Los Angeles,90003,6,20,0.35,3522,241.43,62.034888579387186,0.0580916666666666,651.0,4732.837803379416,176.1
698002,2023,TH,Upward Bound House,Transitional Housing Bright Futures Youth SPA 6,Los Angeles,90044,6,10,1.1,3522,241.43,62.034888579387186,0.0580916666666666,699.0,4274.940500715308,352.2
697320,2023,ES,Volunteers of America of Los Angeles,A Bridge Home CD 9,Los Angeles,90007,6,100,0.84,3522,241.43,62.034888579387186,0.0580916666666666,1665.0,2174.0454714714715,35.22
697183,2023,ES,Volunteers of America of Los Angeles,CES Bridge Housing Program P2H,Los Angeles,90037,6,45,0.56,3522,241.43,62.034888579387186,0.0580916666666666,605.0,3760.963438016529,78.26666666666667
697121,2023,ES,Volunteers of America of Los Angeles,CES Crisis Housing Program P2H,Los Angeles,90037,6,85,0.58,3522,241.43,62.034888579387186,0.0580916666666666,605.0,3760.963438016529,41.43529411764706
697994,2023,TH,Volunteers of America of Los Angeles,RHY Transitional Living Program SPA 6,Los Angeles,90001,6,8,0.75,3522,241.43,62.034888579387186,0.0580916666666666,68.0,5723.940294117647,440.25
697339,2023,ES,1736 Family Crisis Center,A Bridge Home CD 10,Los Angeles,90019,4,15,0.6,6327,241.43,62.034888579387186,0.0580916666666666,876.0,3917.010502283106,421.8
697505,2023,ES,"Abundant Blessings, Inc.",B7 Bridge Housing Program SPA 5,Los Angeles,90016,6,16,0.81,3522,241.43,62.034888579387186,0.0580916666666666,957.0,3877.265987460815,220.125
697518,2023,ES,"Abundant Blessings, Inc.",Winter Shelter Program West View,Los Angeles,90016,6,16,1.0,3522,241.43,62.034888579387186,0.0580916666666666,957.0,3877.265987460815,220.125
697348,2023,ES,Asian American Drug Abuse Program Inc.,SAPC Interim Housing 18th St,Los Angeles,90019,4,10,0.6,6327,241.43,62.034888579387186,0.0580916666666666,876.0,3917.010502283106,632.7
697347,2023,ES,Asian American Drug Abuse Program Inc.,SAPC Interim Housing Bronson,Los Angeles,90018,6,6,0.83,3522,241.43,62.034888579387186,0.0580916666666666,532.0,4159.710639097744,587.0
697910,2023,TH,"Broom Homestead, Inc.",Transitional Housing Edrica's House,Los Angeles,90018,6,22,0.77,3522,241.43,62.034888579387186,0.0580916666666666,532.0,4159.710639097744,160.0909090909091
697509,2023,ES,Bryant Temple CDC,B7 Bridge Housing Program,Los Angeles,90008,6,19,0.21,3522,241.43,62.034888579387186,0.0580916666666666,671.0,5190.682846497764,185.3684210526316
697283,2023,ES,First To Serve Inc.,DHS Interim Housing Mid City 3 - Crenshaw,Los Angeles,90016,6,40,0.22,3522,241.43,62.034888579387186,0.0580916666666666,957.0,3877.265987460815,88.05
697194,2023,ES,First To Serve Inc.,DHS ODR Interim Housing Mid City 1 - Women and Families,Los Angeles,90016,4,29,0.66,6327,241.43,62.034888579387186,0.0580916666666666,957.0,3877.265987460815,218.17241379310346
697196,2023,ES,First To Serve Inc.,DHS ODR Interim Housing Mid City 2 - Men,Los Angeles,90016,6,36,0.69,3522,241.43,62.034888579387186,0.0580916666666666,957.0,3877.265987460815,97.83333333333333
698239,2023,TH,Men Taking Over Reforming society Inc (M.E.N.TO.R.S),M.E.N.T.O.R.S. LaBrea,Los Angeles,90019,4,42,,6327,241.43,62.034888579387186,0.0580916666666666,876.0,3917.010502283106,150.64285714285714
697261,2023,ES,National Health Foundation,DHS Interim Housing,Los Angeles,90016,6,24,0.54,3522,241.43,62.034888579387186,0.0580916666666666,957.0,3877.265987460815,146.75
697157,2023,ES,People Assisting the Homeless (PATH),PAT FSC Crisis Housing Motel Vouchers (Vouchers),Los Angeles,90018,4,145,1.0,6327,241.43,62.034888579387186,0.0580916666666666,532.0,4159.710639097744,43.63448275862069
697357,2023,ES,Reach For The Top,DHS Interim Housing Orange,Los Angeles,90016,6,25,0.96,3522,241.43,62.034888579387186,0.0580916666666666,957.0,3877.265987460815,140.88
697893,2023,TH,Sanctuary of Hope,Measure H Transitional Housing Program SPA 6,Los Angeles,90018,6,13,0.92,3522,241.43,62.034888579387186,0.0580916666666666,532.0,4159.710639097744,270.9230769230769
697535,2023,ES,"Special Service for Groups, Inc.",DMH Interim Housing Cedar Lodge,Los Angeles,90016,6,23,0.39,3522,241.43,62.034888579387186,0.0580916666666666,957.0,3877.265987460815,153.1304347826087
697388,2023,ES,The People Concern,PHK CITY Mollie Maison,Los Angeles,90016,6,22,0.5,3522,241.43,62.034888579387186,0.0580916666666666,957.0,3877.265987460815,160.0909090909091
697375,2023,ES,The Salvation Army,A Bridge Home Lafayette,Los Angeles,90057,4,72,0.71,6327,241.43,62.034888579387186,0.0580916666666666,1720.0,3075.7380930232557,87.875
698092,2023,SH,Volunteers of America of Los Angeles,HCHV Safe Haven Alvalon,Los Angeles,90010,4,28,0.75,6327,241.43,62.034888579387186,0.0580916666666666,734.0,3435.4180653950953,225.96428571428572
698117,2023,TH,"Harvest Home, Inc.",Interim Housing Harvest Home,Venice,90291,5,15,0.8,1254,241.43,62.034888579387186,0.0580916666666666,697.0,4735.180358680057,83.6
697311,2023,ES,People Assisting the Homeless (PATH),A Bridge Home Sunset Individuals,Venice,90291,5,100,0.81,1254,241.43,62.034888579387186,0.0580916666666666,697.0,4735.180358680057,12.54
697310,2023,ES,People Assisting the Homeless (PATH),A Bridge Home Sunset Youth,Venice,90291,5,54,0.61,1254,241.43,62.034888579387186,0.0580916666666666,697.0,4735.180358680057,23.22222222222222
697993,2023,TH,Safe Place for Youth,Host Homes Transitional Housing,Venice,90291,5,15,0.2,1254,241.43,62.034888579387186,0.0580916666666666,697.0,4735.180358680057,83.6
697116,2023,ES,St. Joseph Center,CES Home Safe Motel Vouchers,Venice,90291,5,2,1.0,1254,241.43,62.034888579387186,0.0580916666666666,697.0,4735.180358680057,627.0
697369,2023,ES,St. Joseph Center,City Recovery Motel Vouchers (Vouchers),Venice,90291,5,8,1.0,1254,241.43,62.034888579387186,0.0580916666666666,697.0,4735.180358680057,156.75
697120,2023,ES,St. Joseph Center,Inside Safe Hotel/Motel Voucher Program,Venice,90291,5,104,1.0,1254,241.43,62.034888579387186,0.0580916666666666,697.0,4735.180358680057,12.057692307692308
697449,2023,ES,St. Joseph Center,OFW Motel/Hotel Voucher Program (Vouchers),Venice,90291,5,4,1.0,1254,241.43,62.034888579387186,0.0580916666666666,697.0,4735.180358680057,313.5
697428,2023,ES,St. Joseph Center,STJ FSC Crisis Housing Motel/Hotel Vouchers (Vouchers),Venice,90291,5,64,1.0,1254,241.43,62.034888579387186,0.0580916666666666,697.0,4735.180358680057,19.59375
697139,2023,ES,St. Joseph Center,STJ FSC Westminster TLC Venice Community Housing Crisis Housing,Venice,90291,5,19,0.95,1254,241.43,62.034888579387186,0.0580916666666666,697.0,4735.180358680057,66.0
697409,2023,ES,The People Concern,PHK CITY The Layover,Los Angeles,90045,5,44,0.7,1254,241.43,62.034888579387186,0.0580916666666666,1593.0,3412.0528625235406,28.5
698172,2023,TH,United Friends of the Children,CES Transitional Housing Youth Families SPA 5 (New),Los Angeles,90045,5,2,0.5,1254,241.43,62.034888579387186,0.0580916666666666,1593.0,3412.0528625235406,627.0
698170,2023,TH,United Friends of the Children,CES Transitional Housing Youth SPA 5 (New),Los Angeles,90045,5,6,0.83,1254,241.43,62.034888579387186,0.0580916666666666,1593.0,3412.0528625235406,209.0
697995,2023,TH,Venice Community Housing,Transitional Housing Youth SPA 5,Los Angeles,90066,5,20,0.85,1254,241.43,62.034888579387186,0.0580916666666666,748.0,3508.160975935829,62.7
697417,2023,ES,Community Bridge Housing Corporation,Community House Northridge,Northridge,91324,2,24,0.21,2197,241.43,62.034888579387186,0.0580916666666666,838.0,4257.896503579952,91.54166666666667
697528,2023,ES,"Jovenes, Inc.",Bridge Housing CSUN,Northridge,91325,2,7,0.71,2197,241.43,62.034888579387186,0.0580916666666666,962.0,2838.139760914761,313.85714285714283
697212,2023,ES,Los Angeles County Department of Public Social Services (DPSS),Cal Works Homeless Assistance Program 82 West Valley (Vouchers),Chatsworth,91311,2,94,1.0,2197,241.43,62.034888579387186,0.0580916666666666,620.0,3270.8102903225804,23.372340425531913
697972,2023,TH,"San Fernando Valley Community Mental Health Center, Inc.",Sylvan Place Co-Op,Van Nuys,91406,2,48,0.44,2197,241.43,62.034888579387186,0.0580916666666666,1006.0,3460.2478727634193,45.770833333333336
697384,2023,ES,Volunteers of America of Los Angeles,PHK CITY Devonshire Lodge,Los Angeles,91311,2,42,0.81,2197,241.43,62.034888579387186,0.0580916666666666,620.0,3270.8102903225804,52.30952380952381
697171,2023,ES,"Catholic Charities of Los Angeles, Inc.",CES Bridge Housing Program Hawkes,Los Angeles,90026,4,10,0.7,6327,241.43,62.034888579387186,0.0580916666666666,920.0,3568.058652173913,632.7
697172,2023,ES,"Catholic Charities of Los Angeles, Inc.",CES Bridge Housing Program Languille,Los Angeles,90026,4,10,0.8,6327,241.43,62.034888579387186,0.0580916666666666,920.0,3568.058652173913,632.7
697154,2023,ES,"Catholic Charities of Los Angeles, Inc.",CES Crisis Housing Program Languille,Los Angeles,90026,4,20,0.95,6327,241.43,62.034888579387186,0.0580916666666666,920.0,3568.058652173913,316.35
697316,2023,ES,"Catholic Charities of Los Angeles, Inc.",CES Enhanced Bridge Housing Older Adults Hawkes,Los Angeles,90026,4,20,0.6,6327,241.43,62.034888579387186,0.0580916666666666,920.0,3568.058652173913,316.35
697688,2023,TH,"Catholic Charities of Los Angeles, Inc.",Farley Family Transitional Housing,Los Angeles,90026,4,63,1.03,6327,241.43,62.034888579387186,0.0580916666666666,920.0,3568.058652173913,100.42857142857143
697173,2023,ES,Covenant House California,CES Bridge Housing Program Youth,Los Angeles,90027,4,20,0.8,6327,241.43,62.034888579387186,0.0580916666666666,582.0,3795.0120618556703,316.35
697151,2023,ES,Covenant House California,CES Crisis Housing Program Youth,Los Angeles,90027,4,40,0.88,6327,241.43,62.034888579387186,0.0580916666666666,582.0,3795.0120618556703,158.175
698162,2023,TH,Covenant House California,CES Transitional Housing Youth (New),Los Angeles,90027,4,34,0.85,6327,241.43,62.034888579387186,0.0580916666666666,582.0,3795.0120618556703,186.08823529411765
697530,2023,ES,"Jovenes, Inc.",Bridge Housing LACCD,Los Angeles,90029,4,18,0.39,6327,241.43,62.034888579387186,0.0580916666666666,610.0,3748.312032786885,351.5
697166,2023,ES,Los Angeles LGBT Center,CES Bridge Housing Program Youth,Los Angeles,90038,4,5,1.0,6327,241.43,62.034888579387186,0.0580916666666666,1132.0,3736.2124116607774,1265.4
697143,2023,ES,Los Angeles LGBT Center,CES Crisis Housing Program Youth,Los Angeles,90038,4,9,1.0,6327,241.43,62.034888579387186,0.0580916666666666,1132.0,3736.2124116607774,703.0
698167,2023,TH,Los Angeles LGBT Center,CES Transitional Housing Youth (New),Los Angeles,90038,4,44,0.93,6327,241.43,62.034888579387186,0.0580916666666666,1132.0,3736.2124116607774,143.79545454545453
697318,2023,ES,Los Angeles LGBT Center,DMH Center Youth Enhanced Emergency Shelter Program,Los Angeles,90038,4,20,1.0,6327,241.43,62.034888579387186,0.0580916666666666,1132.0,3736.2124116607774,316.35
697683,2023,TH,Los Angeles LGBT Center,RHY Transitional Living Program,Los Angeles,90028,4,14,1.36,6327,241.43,62.034888579387186,0.0580916666666666,5419.0,3827.784559881897,451.92857142857144
698273,2023,TH,Los Angeles LGBT Center,YHDP TH-Joint Component,Los Angeles,90038,4,8,0.0,6327,241.43,62.034888579387186,0.0580916666666666,1132.0,3736.2124116607774,790.875
698280,2023,TH,Los Angeles Room and Board,CES Transitional Housing Excelsior,Los Angeles,90029,4,29,,6327,241.43,62.034888579387186,0.0580916666666666,610.0,3748.312032786885,218.17241379310346
697452,2023,ES,Los Angeles Youth Network,CES Crisis Housing Program Youth (New),Los Angeles,90028,4,15,0.33,6327,241.43,62.034888579387186,0.0580916666666666,5419.0,3827.784559881897,421.8
697451,2023,ES,Los Angeles Youth Network,CES Crisis Housing Unaccompanied Minors (New),Los Angeles,90028,4,8,0.12,6327,241.43,62.034888579387186,0.0580916666666666,5419.0,3827.784559881897,790.875
697879,2023,TH,Los Angeles Youth Network,CES Measure H Transitional Housing Youth Program,Los Angeles,90028,4,10,0.9,6327,241.43,62.034888579387186,0.0580916666666666,5419.0,3827.784559881897,632.7
697127,2023,ES,Los Angeles Youth Network,CES Transitional Housing Youth Program,Los Angeles,90028,4,17,0.59,6327,241.43,62.034888579387186,0.0580916666666666,5419.0,3827.784559881897,372.1764705882353
697206,2023,ES,People Assisting the Homeless (PATH),A Bridge Home YWCA,Los Angeles,90038,4,94,0.51,6327,241.43,62.034888579387186,0.0580916666666666,1132.0,3736.2124116607774,67.30851063829788
697312,2023,ES,People Assisting the Homeless (PATH),A Bridge Home YWCA Youth,Los Angeles,90038,4,30,0.4,6327,241.43,62.034888579387186,0.0580916666666666,1132.0,3736.2124116607774,210.9
697439,2023,ES,People Assisting the Homeless (PATH),CES Bridge Housing Program (New),Los Angeles ,90004,4,49,0.9,6327,241.43,62.034888579387186,0.0580916666666666,1893.0,3511.49647649234,129.12244897959184
697133,2023,ES,People Assisting the Homeless (PATH),CES Crisis Housing Program Los Angeles,Los Angeles ,90004,4,39,0.64,6327,241.43,62.034888579387186,0.0580916666666666,1893.0,3511.49647649234,162.23076923076923
698087,2023,TH,People Assisting the Homeless (PATH),El Sereno Transitional Housing,Los Angeles ,90004,4,71,1.06,6327,241.43,62.034888579387186,0.0580916666666666,1893.0,3511.49647649234,89.11267605633803
698169,2023,TH,St. Anne's Maternity Home,CES Transitional Housing Youth (New),Los Angeles,90026,4,80,0.75,6327,241.43,62.034888579387186,0.0580916666666666,920.0,3568.058652173913,79.0875
697690,2023,TH,St. Anne's Maternity Home,ILP SPA 4 Bogen Family Center,Los Angeles,90026,4,24,0.88,6327,241.43,62.034888579387186,0.0580916666666666,920.0,3568.058652173913,263.625
697860,2023,TH,St. Anne's Maternity Home,RHY Transitional Living Program,Los Angeles,90026,4,32,0.75,6327,241.43,62.034888579387186,0.0580916666666666,920.0,3568.058652173913,197.71875
697405,2023,ES,The Salvation Army,Bridge Housing City Roadmap Isaiah's House,Los Angeles,90028,4,30,0.8,6327,241.43,62.034888579387186,0.0580916666666666,5419.0,3827.784559881897,210.9
697164,2023,ES,The Salvation Army,CES Bridge Housing Program Way In Youth,Los Angeles,90028,4,3,0.33,6327,241.43,62.034888579387186,0.0580916666666666,5419.0,3827.784559881897,2109.0
697144,2023,ES,The Salvation Army,CES Crisis Housing Way In Youth,Los Angeles,90028,4,5,1.0,6327,241.43,62.034888579387186,0.0580916666666666,5419.0,3827.784559881897,1265.4
697189,2023,ES,The Salvation Army,Enhanced Emergency Shelter Program The Way In,Los Angeles,90028,4,14,0.86,6327,241.43,62.034888579387186,0.0580916666666666,5419.0,3827.784559881897,451.92857142857144
697706,2023,TH,The Salvation Army,The Way In Youth Transitional Housing,Los Angeles,90028,4,24,0.83,6327,241.43,62.034888579387186,0.0580916666666666,5419.0,3827.784559881897,263.625
697294,2023,ES,The Whole Child,TWC FSC Crisis Housing Safe Families,Los Angeles,90026,4,104,0.74,6327,241.43,62.034888579387186,0.0580916666666666,920.0,3568.058652173913,60.83653846153846
697414,2023,ES,Urban Alchemy,Tiny Home Village Echo Park Lake,Los Angeles,90026,4,70,0.63,6327,241.43,62.034888579387186,0.0580916666666666,920.0,3568.058652173913,90.38571428571429
697470,2023,ES,Urban Alchemy,Tiny Home Village Westlake,Los Angeles,90057,4,109,0.66,6327,241.43,62.034888579387186,0.0580916666666666,1720.0,3075.7380930232557,58.04587155963303
697389,2023,ES,Volunteers of America of Los Angeles,PHK CITY The Nest,Los Angeles,90004,4,41,0.95,6327,241.43,62.034888579387186,0.0580916666666666,1893.0,3511.49647649234,154.3170731707317
697482,2023,ES,Weingart Center Association,A Bridge Home Schrader,Los Angeles,90028,4,72,0.86,6327,241.43,62.034888579387186,0.0580916666666666,5419.0,3827.784559881897,87.875
697292,2023,ES,Weingart Center Association,CES Bridge Housing for Women Gardner Library,Los Angeles,90046,4,30,0.77,6327,241.43,62.034888579387186,0.0580916666666666,1259.0,3406.145814138205,210.9
697323,2023,ES,Harbor Interfaith Services,DHS Interim Housing,San Pedro,90731,4,32,0.94,6327,241.43,62.034888579387186,0.0580916666666666,945.0,3474.1655343915345,197.71875
697174,2023,ES,"Jovenes, Inc.",CES Bridge Housing Program La Posada Youth,Los Angeles,90033,4,4,1.0,6327,241.43,62.034888579387186,0.0580916666666666,318.0,3675.2303773584904,1581.75
697155,2023,ES,"Jovenes, Inc.",CES Crisis Housing Program La Posada Youth,Los Angeles,90033,4,8,0.88,6327,241.43,62.034888579387186,0.0580916666666666,318.0,3675.2303773584904,790.875
698165,2023,TH,"Jovenes, Inc.",CES Transitional Housing Youth SPA 4 (New),Los Angeles,90033,4,25,0.64,6327,241.43,62.034888579387186,0.0580916666666666,318.0,3675.2303773584904,253.08
697370,2023,ES,"Jovenes, Inc.",Los Padrinos Emergency Shelter Women TAY,Los Angeles,90033,4,20,0.7,6327,241.43,62.034888579387186,0.0580916666666666,318.0,3675.2303773584904,316.35
697356,2023,ES,"JWCH Institute, Inc.",DHS Interim Housing San Pedro,Los Angeles,90013,4,50,0.64,6327,241.43,62.034888579387186,0.0580916666666666,1658.0,4751.215470446321,126.54
697476,2023,ES,"JWCH Institute, Inc.",San Julian Oasis Recuperative Care Program,Los Angeles,90014,4,31,1.0,6327,241.43,62.034888579387186,0.0580916666666666,2416.0,4064.045794701987,204.09677419354838
697427,2023,ES,LA Global Care,City Recovery Motel Vouchers SPA 4 (Vouchers),Los Angeles,90012,4,7,1.0,6327,241.43,62.034888579387186,0.0580916666666666,4285.0,2920.2046861143526,903.8571428571429
697337,2023,ES,Los Angeles Center for Alcohol and Drug Abuse (LA CADA),Recovery Bridge Housing LA Mission,Los Angeles,90013,4,36,1.42,6327,241.43,62.034888579387186,0.0580916666666666,1658.0,4751.215470446321,175.75
697218,2023,ES,Los Angeles County Department of Public Social Services (DPSS),Cal Works Homeless Assistance Program 15 Metro East (Vouchers),Los Angeles,90023,4,123,1.0,6327,241.43,62.034888579387186,0.0580916666666666,305.0,4437.207868852459,51.4390243902439
697216,2023,ES,Los Angeles County Department of Public Social Services (DPSS),Cal Works Homeless Assistance Program 66 Licoln Heights (Vouchers),Los Angeles,90032,4,19,1.0,6327,241.43,62.034888579387186,0.0580916666666666,302.0,4624.35940397351,333.0
697519,2023,ES,Los Angeles Homeless Services Authority (LAHSA),Augmented Winter Shelter Motel Vouchers (Vouchers),Los Angeles,90017,4,162,1.0,6327,241.43,62.034888579387186,0.0580916666666666,3813.0,3296.7329819040124,39.05555555555556
697304,2023,ES,Los Angeles House of Ruth,LHR FSC Crisis Housing,Los Angeles,90033,4,35,0.23,6327,241.43,62.034888579387186,0.0580916666666666,318.0,3675.2303773584904,180.77142857142857
697955,2023,TH,Los Angeles Mission,Anne Douglas Center for Women,Los Angeles,90013,4,35,0.54,6327,241.43,62.034888579387186,0.0580916666666666,1658.0,4751.215470446321,180.77142857142857
697956,2023,TH,Los Angeles Mission,Fresh Start,Los Angeles,90013,4,150,0.74,6327,241.43,62.034888579387186,0.0580916666666666,1658.0,4751.215470446321,42.18
697252,2023,ES,Los Angeles Mission,Overnight Beds for Men,Los Angeles,90013,4,212,0.75,6327,241.43,62.034888579387186,0.0580916666666666,1658.0,4751.215470446321,29.84433962264151
698281,2023,TH,Los Angeles Room and Board,CES Transitional Housing Dunamis,Los Angeles,90033,4,40,,6327,241.43,62.034888579387186,0.0580916666666666,318.0,3675.2303773584904,158.175
697149,2023,ES,Proyecto Pastoral,CES Crisis Housing Program Guadalupe,Los Angeles,90033,4,29,0.9,6327,241.43,62.034888579387186,0.0580916666666666,318.0,3675.2303773584904,218.17241379310346
697129,2023,ES,Proyecto Pastoral,Womens Shelter Program,Los Angeles,90033,4,15,0.8,6327,241.43,62.034888579387186,0.0580916666666666,318.0,3675.2303773584904,421.8
697209,2023,ES,"Serenity Recuperative Care, Inc.",DHS Recuperative Care East LA,Los Angeles,90033,4,24,0.46,6327,241.43,62.034888579387186,0.0580916666666666,318.0,3675.2303773584904,263.625
697290,2023,ES,Society of St. Vincent de Paul,CES Bridge Housing Program,Los Angeles,90013,4,28,0.86,6327,241.43,62.034888579387186,0.0580916666666666,1658.0,4751.215470446321,225.96428571428572
697314,2023,ES,Society of St. Vincent de Paul,DMH Interim Housing,Los Angeles,90013,4,10,0.7,6327,241.43,62.034888579387186,0.0580916666666666,1658.0,4751.215470446321,632.7
697298,2023,ES,"Special Service for Groups, Inc.",CES Enhanced Bridge Housing Older Adults,Los Angeles,90003,4,16,0.81,6327,241.43,62.034888579387186,0.0580916666666666,651.0,4732.837803379416,395.4375
697175,2023,ES,SRO Housing Corporation,CES Bridge Housing Program,Los Angeles,90013,4,7,0.86,6327,241.43,62.034888579387186,0.0580916666666666,1658.0,4751.215470446321,903.8571428571429
697163,2023,ES,SRO Housing Corporation,DMH Interim Housing Program,Los Angeles,90013,4,55,0.93,6327,241.43,62.034888579387186,0.0580916666666666,1658.0,4751.215470446321,115.03636363636363
697132,2023,ES,SRO Housing Corporation,Housing For Health Access Emergency,Los Angeles,90013,4,60,0.88,6327,241.43,62.034888579387186,0.0580916666666666,1658.0,4751.215470446321,105.45
697859,2023,TH,SRO Housing Corporation,VA Service Intensive Transitional Housing,Los Angeles,90013,4,60,0.73,6327,241.43,62.034888579387186,0.0580916666666666,1658.0,4751.215470446321,105.45
697169,2023,ES,The Midnight Mission,CES Bridge Housing Program,Los Angeles,90014,4,29,1.0,6327,241.43,62.034888579387186,0.0580916666666666,2416.0,4064.045794701987,218.17241379310346
697442,2023,ES,The Midnight Mission,CES Crisis Housing Program (New),Los Angeles,90014,4,121,1.04,6327,241.43,62.034888579387186,0.0580916666666666,2416.0,4064.045794701987,52.289256198347104
697199,2023,ES,The Midnight Mission,Healthy Living Program,Los Angeles,90014,4,92,0.61,6327,241.43,62.034888579387186,0.0580916666666666,2416.0,4064.045794701987,68.77173913043478
697899,2023,TH,The Midnight Mission,Homelight Family Living,Los Angeles,90014,4,35,1.2,6327,241.43,62.034888579387186,0.0580916666666666,2416.0,4064.045794701987,180.77142857142857
697193,2023,ES,The People Concern,A Bridge Home El Puente,Los Angeles,90012,4,45,0.84,6327,241.43,62.034888579387186,0.0580916666666666,4285.0,2920.2046861143526,140.6
697443,2023,ES,The People Concern,CES Bridge Housing Program (New),Los Angeles,90013,4,30,0.73,6327,241.43,62.034888579387186,0.0580916666666666,1658.0,4751.215470446321,210.9
697152,2023,ES,The People Concern,CES Crisis Housing Program LAMP Village,Los Angeles,90013,4,20,0.95,6327,241.43,62.034888579387186,0.0580916666666666,1658.0,4751.215470446321,316.35
697254,2023,ES,The People Concern,DMH Interim Housing The Village,Los Angeles,90013,4,7,0.86,6327,241.43,62.034888579387186,0.0580916666666666,1658.0,4751.215470446321,903.8571428571429
697122,2023,ES,The People Concern,HAUS,Los Angeles,90013,4,25,0.6,6327,241.43,62.034888579387186,0.0580916666666666,1658.0,4751.215470446321,253.08
697117,2023,ES,The People Concern,Inside Safe Hotel/Motel Voucher Program,Los Angeles,90013,4,28,1.0,6327,241.43,62.034888579387186,0.0580916666666666,1658.0,4751.215470446321,225.96428571428572
697126,2023,ES,The Salvation Army,DMH Interim Housing Zahn,Los Angeles,90015,4,36,1.19,6327,241.43,62.034888579387186,0.0580916666666666,2998.0,3766.139813208806,175.75
697303,2023,ES,The Salvation Army,TSA FSC Zahn Memorial Center Crisis Housing,Los Angeles,90015,4,18,0.72,6327,241.43,62.034888579387186,0.0580916666666666,2998.0,3766.139813208806,351.5
697123,2023,ES,The Whole Child,TWC FSC Crisis Housing,Los Angeles,90033,4,37,0.59,6327,241.43,62.034888579387186,0.0580916666666666,318.0,3675.2303773584904,171.0
697973,2023,TH,Union Rescue Mission,Apprentice,Los Angeles,90013,4,30,0.73,6327,241.43,62.034888579387186,0.0580916666666666,1658.0,4751.215470446321,210.9
697974,2023,TH,Union Rescue Mission,Gateway Transitional Men,Los Angeles,90013,4,288,0.26,6327,241.43,62.034888579387186,0.0580916666666666,1658.0,4751.215470446321,21.96875
697976,2023,TH,Union Rescue Mission,Hope Gardens Family Center,Los Angeles,90013,4,171,1.0,6327,241.43,62.034888579387186,0.0580916666666666,1658.0,4751.215470446321,37.0
697264,2023,ES,Union Rescue Mission,Men's Guest Services - Emergency Shelter,Los Angeles,90013,4,130,0.62,6327,241.43,62.034888579387186,0.0580916666666666,1658.0,4751.215470446321,48.66923076923077
697978,2023,TH,Union Rescue Mission,Residential Recovery Program (CLDP),Los Angeles,90013,4,153,0.85,6327,241.43,62.034888579387186,0.0580916666666666,1658.0,4751.215470446321,41.35294117647059
697265,2023,ES,Union Rescue Mission,Women's and Children Emergency Beds - 1st STEP Family,Los Angeles,90013,4,404,0.32,6327,241.43,62.034888579387186,0.0580916666666666,1658.0,4751.215470446321,15.660891089108912
697386,2023,ES,Union Station Homeless Services,PHK CITY Casa Luna,Los Angeles,90032,4,40,0.98,6327,241.43,62.034888579387186,0.0580916666666666,302.0,4624.35940397351,158.175
697391,2023,ES,Union Station Homeless Services,PHK CITY Huntington Villas,Los Angeles,90032,4,50,0.94,6327,241.43,62.034888579387186,0.0580916666666666,302.0,4624.35940397351,126.54
697473,2023,ES,Union Station Homeless Services,Tiny Home Village Eagle Rock,Los Angeles,90041,4,43,0.95,6327,241.43,62.034888579387186,0.0580916666666666,113.0,4185.949734513274,147.13953488372093
697532,2023,ES,Volunteers of America of Los Angeles,Bridge Housing City Roadmap Bailey,Los Angeles,90033,4,56,,6327,241.43,62.034888579387186,0.0580916666666666,318.0,3675.2303773584904,112.98214285714286
697401,2023,ES,Volunteers of America of Los Angeles,Bridge Housing City Roadmap T-House,Los Angeles,90013,4,20,0.8,6327,241.43,62.034888579387186,0.0580916666666666,1658.0,4751.215470446321,316.35
697176,2023,ES,Volunteers of America of Los Angeles,CES Bridge Housing Program San Julian,Los Angeles,90013,4,13,1.0,6327,241.43,62.034888579387186,0.0580916666666666,1658.0,4751.215470446321,486.6923076923077
697153,2023,ES,Volunteers of America of Los Angeles,CES Crisis Housing Program San Julian,Los Angeles,90013,4,27,0.7,6327,241.43,62.034888579387186,0.0580916666666666,1658.0,4751.215470446321,234.33333333333334
697533,2023,ES,Volunteers of America of Los Angeles,FSC Crisis Housing Roadmap Bailey,Los Angeles,90033,4,10,,6327,241.43,62.034888579387186,0.0580916666666666,318.0,3675.2303773584904,632.7
698138,2023,SH,Volunteers of America of Los Angeles,GPD Low Demand Ballington Transitional Housing,Los Angeles ,90014,4,115,1.0,6327,241.43,62.034888579387186,0.0580916666666666,2416.0,4064.045794701987,55.017391304347825
698093,2023,SH,Volunteers of America of Los Angeles,GPD Low Demand T-House Transitional Housing,Los Angeles,90013,4,3,1.0,6327,241.43,62.034888579387186,0.0580916666666666,1658.0,4751.215470446321,2109.0
698252,2023,SH,Volunteers of America of Los Angeles,GPD Low Demand Women Special Needs,Los Angeles ,90014,4,5,0.6,6327,241.43,62.034888579387186,0.0580916666666666,2416.0,4064.045794701987,1265.4
698091,2023,SH,Volunteers of America of Los Angeles,HCHV Safe Haven T-House,Los Angeles,90013,4,93,1.0,6327,241.43,62.034888579387186,0.0580916666666666,1658.0,4751.215470446321,68.03225806451613
697331,2023,ES,Weingart Center Association,A Bridge Home Civic Center CD14,Los Angeles,90012,4,99,0.86,6327,241.43,62.034888579387186,0.0580916666666666,4285.0,2920.2046861143526,63.90909090909091
697498,2023,ES,Weingart Center Association,B7 Bridge Housing Program,Los Angeles,90013,4,60,0.8,6327,241.43,62.034888579387186,0.0580916666666666,1658.0,4751.215470446321,105.45
697393,2023,ES,Weingart Center Association,Bridge Housing Roadmap Vignes,Los Angeles,90012,4,222,0.86,6327,241.43,62.034888579387186,0.0580916666666666,4285.0,2920.2046861143526,28.5
697394,2023,ES,Weingart Center Association,Bridge Housing Roadmap Vignes Public Defender,Los Angeles,90012,4,10,0.5,6327,241.43,62.034888579387186,0.0580916666666666,4285.0,2920.2046861143526,632.7
697445,2023,ES,Weingart Center Association,CES Bridge Housing Program (New),Los Angeles,90013,4,37,0.73,6327,241.43,62.034888579387186,0.0580916666666666,1658.0,4751.215470446321,171.0
697446,2023,ES,Weingart Center Association,CES Crisis Housing Program (New),Los Angeles,90013,4,63,0.78,6327,241.43,62.034888579387186,0.0580916666666666,1658.0,4751.215470446321,100.42857142857143
697297,2023,ES,Weingart Center Association,CES Enhanced Bridge Housing Older Adults,Los Angeles,90003,4,10,1.0,6327,241.43,62.034888579387186,0.0580916666666666,651.0,4732.837803379416,632.7
697205,2023,ES,Weingart Center Association,DHS Interim Housing,Los Angeles,90013,4,135,0.69,6327,241.43,62.034888579387186,0.0580916666666666,1658.0,4751.215470446321,46.86666666666667
697203,2023,ES,Weingart Center Association,DMH Interim Housing,Los Angeles,90013,4,35,0.91,6327,241.43,62.034888579387186,0.0580916666666666,1658.0,4751.215470446321,180.77142857142857
697376,2023,ES,Weingart Center Association,Enhanced Bridge Housing for Women Roadmap,Los Angeles,90013,4,60,0.98,6327,241.43,62.034888579387186,0.0580916666666666,1658.0,4751.215470446321,105.45
697990,2023,TH,Weingart Center Association,LTORR,Los Angeles,90013,4,55,0.6,6327,241.43,62.034888579387186,0.0580916666666666,1658.0,4751.215470446321,115.03636363636363
697989,2023,TH,Weingart Center Association,STOP Program,Los Angeles,90013,4,35,0.74,6327,241.43,62.034888579387186,0.0580916666666666,1658.0,4751.215470446321,180.77142857142857
697468,2023,ES,Alcott Center for Mental Health Services,DHS Interim Housing ODR,Los Angeles,90002,6,25,1.0,3522,241.43,62.034888579387186,0.0580916666666666,137.0,4248.482408759124,140.88
697246,2023,ES,Beacon Light Mission and Doors of Hope,Beacon Light Mission ES,Wilimington,90744,8,24,1.0,925,241.43,62.034888579387186,0.0580916666666666,430.0,3321.982209302326,38.541666666666664
697247,2023,ES,Beacon Light Mission and Doors of Hope,Doors of Hope ES,Wilmington,90744,8,24,1.0,925,241.43,62.034888579387186,0.0580916666666666,430.0,3321.982209302326,38.541666666666664
697333,2023,ES,Harbor Interfaith Services,A Bridge Home SPA 8,San Pedro,90731,8,100,0.68,925,241.43,62.034888579387186,0.0580916666666666,945.0,3474.1655343915345,9.25
697894,2023,TH,Harbor Interfaith Services,CES Transitional Housing SPA 8,San Pedro,90731,8,8,0.38,925,241.43,62.034888579387186,0.0580916666666666,945.0,3474.1655343915345,115.625
697368,2023,ES,Harbor Interfaith Services,City Recovery Motel Vouchers (Vouchers),San Pedro,90731,8,8,1.0,925,241.43,62.034888579387186,0.0580916666666666,945.0,3474.1655343915345,115.625
697156,2023,ES,Harbor Interfaith Services,HIS FSC Crisis Housing,San Pedro,90731,8,52,0.25,925,241.43,62.034888579387186,0.0580916666666666,945.0,3474.1655343915345,17.78846153846154
697431,2023,ES,Harbor Interfaith Services,HIS FSC Crisis Housing Motel/Hotel Vouchers (Vouchers),San Pedro,90731,8,51,0.75,925,241.43,62.034888579387186,0.0580916666666666,945.0,3474.1655343915345,18.137254901960784
698001,2023,TH,Harbor Interfaith Services,You Can Have It A.L.L. (Accelerated Learning and Living),San Pedro,90731,8,15,1.0,925,241.43,62.034888579387186,0.0580916666666666,945.0,3474.1655343915345,61.666666666666664
698242,2023,TH,Men Taking Over Reforming society Inc (M.E.N.TO.R.S),M.E.N.T.O.R.S. Torrance,Torrance,90501,8,20,,925,241.43,62.034888579387186,0.0580916666666666,132.0,3703.73696969697,46.25
697404,2023,ES,"Special Service for Groups, Inc.",Bridge Housing City Roadmap LAGC,Los Angeles,90061,6,4,0.5,3522,241.43,62.034888579387186,0.0580916666666666,297.0,3754.2959259259255,880.5
697300,2023,ES,The Salvation Army,A Bridge Home Imperial Hwy,Los Angeles,90059,6,100,0.63,3522,241.43,62.034888579387186,0.0580916666666666,137.0,5166.767372262774,35.22
697413,2023,ES,The Salvation Army,Tiny Home Village Harbor Park,Wilmington,90744,8,75,0.84,925,241.43,62.034888579387186,0.0580916666666666,430.0,3321.982209302326,12.333333333333334
697330,2023,ES,"United States Veterans Initiative, Inc.",A Bridge Home Eubank CD15,Wilmington,90744,8,80,0.92,925,241.43,62.034888579387186,0.0580916666666666,430.0,3321.982209302326,11.5625
697281,2023,ES,Victory Starts Now,DHS Interim Housing 118th,Los Angeles,90061,6,20,1.0,3522,241.43,62.034888579387186,0.0580916666666666,297.0,3754.2959259259255,176.1
697275,2023,ES,CONFIDENTIAL,CONFIDENTIAL,CONFIDENTIAL,CONFIDENTIAL,8,27,0.96,925,241.43,62.034888579387186,0.0580916666666666,,,34.25925925925926
697280,2023,ES,CONFIDENTIAL,CONFIDENTIAL,CONFIDENTIAL,CONFIDENTIAL,8,17,1.0,925,241.43,62.034888579387186,0.0580916666666666,,,54.411764705882355
697211,2023,ES,CONFIDENTIAL,CONFIDENTIAL,CONFIDENTIAL,CONFIDENTIAL,6,20,0.65,3522,241.43,62.034888579387186,0.0580916666666666,,,176.1
697967,2023,TH,CONFIDENTIAL,CONFIDENTIAL,CONFIDENTIAL,CONFIDENTIAL,8,9,0.44,925,241.43,62.034888579387186,0.0580916666666666,,,102.77777777777777
698058,2023,TH,CONFIDENTIAL,CONFIDENTIAL,CONFIDENTIAL,CONFIDENTIAL,8,34,0.88,925,241.43,62.034888579387186,0.0580916666666666,,,27.205882352941178
697968,2023,TH,CONFIDENTIAL,CONFIDENTIAL,CONFIDENTIAL,CONFIDENTIAL,6,20,1.0,3522,241.43,62.034888579387186,0.0580916666666666,,,176.1
697963,2023,TH,CONFIDENTIAL,CONFIDENTIAL,CONFIDENTIAL,CONFIDENTIAL,8,2,1.0,925,241.43,62.034888579387186,0.0580916666666666,,,462.5
697260,2023,ES,CONFIDENTIAL,CONFIDENTIAL,CONFIDENTIAL,CONFIDENTIAL,4,16,0.38,6327,241.43,62.034888579387186,0.0580916666666666,,,395.4375
697998,2023,TH,CONFIDENTIAL,CONFIDENTIAL,CONFIDENTIAL,CONFIDENTIAL,3,36,0.22,830,241.43,62.034888579387186,0.0580916666666666,,,23.055555555555557
697250,2023,ES,CONFIDENTIAL,CONFIDENTIAL,CONFIDENTIAL,CONFIDENTIAL,3,20,1.0,830,241.43,62.034888579387186,0.0580916666666666,,,41.5
697984,2023,TH,CONFIDENTIAL,CONFIDENTIAL,CONFIDENTIAL,CONFIDENTIAL,6,16,1.0,3522,241.43,62.034888579387186,0.0580916666666666,,,220.125
697946,2023,TH,CONFIDENTIAL,CONFIDENTIAL,CONFIDENTIAL,CONFIDENTIAL,6,7,1.0,3522,241.43,62.034888579387186,0.0580916666666666,,,503.14285714285717
697248,2023,ES,CONFIDENTIAL,CONFIDENTIAL,CONFIDENTIAL,CONFIDENTIAL,2,42,1.0,2197,241.43,62.034888579387186,0.0580916666666666,,,52.30952380952381
697948,2023,TH,CONFIDENTIAL,CONFIDENTIAL,CONFIDENTIAL,CONFIDENTIAL,2,61,0.92,2197,241.43,62.034888579387186,0.0580916666666666,,,36.01639344262295
697251,2023,ES,CONFIDENTIAL,CONFIDENTIAL,CONFIDENTIAL,CONFIDENTIAL,6,40,0.58,3522,241.43,62.034888579387186,0.0580916666666666,,,88.05
697951,2023,TH,CONFIDENTIAL,CONFIDENTIAL,CONFIDENTIAL,CONFIDENTIAL,6,74,0.57,3522,241.43,62.034888579387186,0.0580916666666666,,,47.5945945945946
697952,2023,TH,CONFIDENTIAL,CONFIDENTIAL,CONFIDENTIAL,CONFIDENTIAL,4,51,0.39,6327,241.43,62.034888579387186,0.0580916666666666,,,124.05882352941177
697279,2023,ES,CONFIDENTIAL,CONFIDENTIAL,CONFIDENTIAL,CONFIDENTIAL,4,16,1.12,6327,241.43,62.034888579387186,0.0580916666666666,,,395.4375
697958,2023,TH,CONFIDENTIAL,CONFIDENTIAL,CONFIDENTIAL,CONFIDENTIAL,4,24,0.33,6327,241.43,62.034888579387186,0.0580916666666666,,,263.625
698063,2023,TH,CONFIDENTIAL,CONFIDENTIAL,CONFIDENTIAL,CONFIDENTIAL,2,6,0.83,2197,241.43,62.034888579387186,0.0580916666666666,,,366.1666666666667
698062,2023,TH,CONFIDENTIAL,CONFIDENTIAL,CONFIDENTIAL,CONFIDENTIAL,8,10,0.8,925,241.43,62.034888579387186,0.0580916666666666,,,92.5
697966,2023,TH,CONFIDENTIAL,CONFIDENTIAL,CONFIDENTIAL,CONFIDENTIAL,4,10,1.0,6327,241.43,62.034888579387186,0.0580916666666666,,,632.7
698064,2023,TH,CONFIDENTIAL,CONFIDENTIAL,CONFIDENTIAL,CONFIDENTIAL,4,5,1.0,6327,241.43,62.034888579387186,0.0580916666666666,,,1265.4
697253,2023,ES,CONFIDENTIAL,CONFIDENTIAL,CONFIDENTIAL,CONFIDENTIAL,8,40,0.3,925,241.43,62.034888579387186,0.0580916666666666,,,23.125
697969,2023,TH,CONFIDENTIAL,CONFIDENTIAL,CONFIDENTIAL,CONFIDENTIAL,8,36,0.72,925,241.43,62.034888579387186,0.0580916666666666,,,25.694444444444443
697358,2023,ES,CONFIDENTIAL,CONFIDENTIAL,CONFIDENTIAL,CONFIDENTIAL,7,9,1.0,1041,241.43,62.034888579387186,0.0580916666666666,,,115.66666666666667
697319,2023,ES,CONFIDENTIAL,CONFIDENTIAL,CONFIDENTIAL,CONFIDENTIAL,8,22,0.77,925,241.43,62.034888579387186,0.0580916666666666,,,42.04545454545455
698061,2023,TH,CONFIDENTIAL,CONFIDENTIAL,CONFIDENTIAL,CONFIDENTIAL,8,24,0.71,925,241.43,62.034888579387186,0.0580916666666666,,,38.541666666666664
697732,2023,TH,CONFIDENTIAL,CONFIDENTIAL,CONFIDENTIAL,CONFIDENTIAL,4,49,0.88,6327,241.43,62.034888579387186,0.0580916666666666,,,129.12244897959184
697322,2023,ES,CONFIDENTIAL,CONFIDENTIAL,CONFIDENTIAL,CONFIDENTIAL,4,475,0.18,6327,241.43,62.034888579387186,0.0580916666666666,,,13.32
697985,2023,TH,CONFIDENTIAL,CONFIDENTIAL,CONFIDENTIAL,CONFIDENTIAL,3,11,0.91,830,241.43,62.034888579387186,0.0580916666666666,,,75.45454545454545
697986,2023,TH,CONFIDENTIAL,CONFIDENTIAL,CONFIDENTIAL,CONFIDENTIAL,3,35,0.26,830,241.43,62.034888579387186,0.0580916666666666,,,23.714285714285715
a bridge home cd 10_los angeles,2024,ES,1736 Family Crisis Center,A Bridge Home CD 10,Los Angeles,00nan,4,15,0.7333333333333333,6131,,,0.05068,,,408.73333333333335
asf jcod fsp interim housing_los angeles,2024,ES,A Step to Freedom,ASF JCOD FSP Interim Housing,Los Angeles,00nan,6,24,1.0,3952,,,0.05068,,,164.66666666666666
b7 bridge housing program spa 6_los angeles,2024,ES,A Step to Freedom,B7 Bridge Housing Program SPA 6,Los Angeles,00nan,6,24,0.875,3952,,,0.05068,,,164.66666666666666
dhs odr interim housing_los angeles,2024,ES,A Step to Freedom,DHS ODR Interim Housing,Los Angeles,00nan,6,45,1.0,3952,,,0.05068,,,87.82222222222222
augmented winter shelter enterprise park spa 6_los angeles,2024,ES,"Abundant Blessings, Inc.",Augmented Winter Shelter Enterprise Park SPA 6,Los Angeles,00nan,6,0,,3952,,,0.05068,,,inf
augmented winter shelter lincoln heights senior center spa 4_los angeles,2024,ES,"Abundant Blessings, Inc.",Augmented Winter Shelter Lincoln Heights Senior Center SPA 4,Los Angeles,00nan,4,0,,6131,,,0.05068,,,inf
b7 bridge housing program spa 5_los angeles,2024,ES,"Abundant Blessings, Inc.",B7 Bridge Housing Program SPA 5,Los Angeles,00nan,6,32,0.75,3952,,,0.05068,,,123.5
ces home safe motel vouchers spa 4 (vouchers)_los angeles,2024,ES,"Abundant Blessings, Inc.",CES Home Safe Motel Vouchers SPA 4 (Vouchers),Los Angeles,00nan,4,35,1.0,6131,,,0.05068,,,175.17142857142858
ces home safe motel vouchers spa 5 (vouchers)_los angeles,2024,ES,"Abundant Blessings, Inc.",CES Home Safe Motel Vouchers SPA 5 (Vouchers),Los Angeles,00nan,6,20,1.0,3952,,,0.05068,,,197.6
ces home safe motel vouchers spa 6 (vouchers)_los angeles,2024,ES,"Abundant Blessings, Inc.",CES Home Safe Motel Vouchers SPA 6 (Vouchers),Los Angeles,00nan,6,21,1.0,3952,,,0.05068,,,188.1904761904762
winter shelter program ardmore spa 6_los angeles,2024,ES,"Abundant Blessings, Inc.",Winter Shelter Program Ardmore SPA 6,Los Angeles,00nan,4,32,1.0,6131,,,0.05068,,,191.59375
winter shelter program 9th st spa 1_palmdale,2024,ES,Advancing Communities Together,Winter Shelter Program 9th St SPA 1,Palmdale,00nan,1,35,0.7428571428571429,575,,,0.05068,,,16.428571428571427
dhs interim housing fisher place_los angeles,2024,ES,Alcott Center for Mental Health Services,DHS Interim Housing Fisher Place,Los Angeles,00nan,6,43,0.9069767441860463,3952,,,0.05068,,,91.90697674418605
lancaster city homes_lancaster,2024,ES,Antelope Valley College,Lancaster City Homes,Lancaster,00nan,1,4,1.0,575,,,0.05068,,,143.75
supportive housing and education initiative bromont_sylmar,2024,TH,Anti-Recidivism Coalition,Supportive Housing and Education Initiative Bromont,Sylmar,00nan,2,36,0.7777777777777778,3348,,,0.05068,,,93.0
sapc interim housing 18th st_los angeles,2024,ES,Asian American Drug Abuse Program Inc.,SAPC Interim Housing 18th St,Los Angeles,00nan,4,10,0.9,6131,,,0.05068,,,613.1
sapc interim housing bronson_los angeles,2024,ES,Asian American Drug Abuse Program Inc.,SAPC Interim Housing Bronson,Los Angeles,00nan,6,6,1.0,3952,,,0.05068,,,658.6666666666666
augmented winter shelter mid valley senior center spa 2_panorama city,2024,ES,Assured Lifestyle Housing Inc,Augmented Winter Shelter Mid Valley Senior Center SPA 2,Panorama City,00nan,2,0,,3348,,,0.05068,,,inf
augmented winter shelter pamela park spa 3_duarte,2024,ES,Assured Lifestyle Housing Inc,Augmented Winter Shelter Pamela Park SPA 3,Duarte,00nan,3,0,,909,,,0.05068,,,inf
emergency housing 74th_los angeles,2024,ES,Assured Lifestyle Housing Inc,Emergency Housing 74th,Los Angeles,00nan,6,20,0.2,3952,,,0.05068,,,197.6
emergency housing 98th_los angeles,2024,ES,Assured Lifestyle Housing Inc,Emergency Housing 98th,Los Angeles,00nan,6,20,0.45,3952,,,0.05068,,,197.6
winter shelter program el don motel spa 6_los angeles,2024,ES,Assured Lifestyle Housing Inc,Winter Shelter Program El Don Motel SPA 6,Los Angeles,00nan,6,11,1.0,3952,,,0.05068,,,359.27272727272725
winter shelter program one ten motel spa 6_los angeles,2024,ES,Assured Lifestyle Housing Inc,Winter Shelter Program One Ten Motel SPA 6,Los Angeles,00nan,6,9,1.0,3952,,,0.05068,,,439.1111111111111
sapc interim housing 136th st_hawthorne,2024,ES,Behavioral Health Services Inc.,SAPC Interim Housing 136th St,Hawthorne,00nan,8,11,1.0,1323,,,0.05068,,,120.27272727272727
sapc interim housing crenshaw_hawthorne,2024,ES,Behavioral Health Services Inc.,SAPC Interim Housing Crenshaw,Hawthorne,00nan,8,10,0.8,1323,,,0.05068,,,132.3
sapc interim housing verde vista_pomona,2024,ES,Behavioral Health Services Inc.,SAPC Interim Housing Verde Vista,Pomona,00nan,3,8,0.875,909,,,0.05068,,,113.625
bridge housing program spa 2_santa clarita,2024,ES,Bridge to Home,Bridge Housing Program SPA 2,Santa Clarita,00nan,2,30,0.9666666666666668,3348,,,0.05068,,,111.6
crisis housing program spa 2_santa clarita,2024,ES,Bridge to Home,Crisis Housing Program SPA 2,Santa Clarita,00nan,2,30,0.9666666666666668,3348,,,0.05068,,,111.6
transitional housing edrica's house_los angeles,2024,TH,"Broom Homestead, Inc.",Transitional Housing Edrica's House,Los Angeles,00nan,6,22,1.4090909090909092,3952,,,0.05068,,,179.63636363636363
b7 bridge housing program_los angeles,2024,ES,Bryant Temple CDC,B7 Bridge Housing Program,Los Angeles,00nan,6,19,0.5263157894736842,3952,,,0.05068,,,208.0
winter shelter program second ame spa 6_los angeles,2024,ES,Bryant Temple CDC,Winter Shelter Program Second AME SPA 6,Los Angeles,00nan,6,60,0.6666666666666666,3952,,,0.05068,,,65.86666666666666
home front_burbank,2024,TH,Burbank Housing Corporation,Home Front,Burbank ,00nan,2,21,0.4285714285714285,3348,,,0.05068,,,159.42857142857142
jerry's promise_burbank,2024,TH,Burbank Housing Corporation,Jerry's Promise,Burbank,00nan,2,14,0.8571428571428571,3348,,,0.05068,,,239.14285714285714
linden house_burbank,2024,TH,Burbank Housing Corporation,Linden House,Burbank,00nan,2,6,1.0,3348,,,0.05068,,,558.0
puerta nueva transitional facility_burbank,2024,TH,Burbank Housing Corporation,Puerta Nueva Transitional Facility,Burbank ,00nan,2,12,1.1666666666666667,3348,,,0.05068,,,279.0
a bridge home va campus_los angeles,2024,TH,Carlos Lopez & Associates LLC,A Bridge Home VA Campus,Los Angeles,00nan,5,80,0.675,1176,,,0.05068,,,14.7
ccl fsc crisis housing 14th_los angeles,2024,ES,"Catholic Charities of Los Angeles, Inc.",CCL FSC Crisis Housing 14th,Los Angeles,00nan,4,20,1.1,6131,,,0.05068,,,306.55
ces bridge housing program hawkes_los angeles,2024,ES,"Catholic Charities of Los Angeles, Inc.",CES Bridge Housing Program Hawkes,Los Angeles,00nan,4,10,0.8,6131,,,0.05068,,,613.1
ces bridge housing program languille_los angeles,2024,ES,"Catholic Charities of Los Angeles, Inc.",CES Bridge Housing Program Languille,Los Angeles,00nan,4,10,0.0,6131,,,0.05068,,,613.1
ces crisis housing program languille_los angeles,2024,ES,"Catholic Charities of Los Angeles, Inc.",CES Crisis Housing Program Languille,Los Angeles,00nan,4,20,1.35,6131,,,0.05068,,,306.55
ces enhanced bridge housing older adults hawkes_los angeles,2024,ES,"Catholic Charities of Los Angeles, Inc.",CES Enhanced Bridge Housing Older Adults Hawkes,Los Angeles,00nan,4,20,0.9,6131,,,0.05068,,,306.55
farley family transitional housing_los angeles,2024,TH,"Catholic Charities of Los Angeles, Inc.",Farley Family Transitional Housing,Los Angeles,00nan,4,63,0.6190476190476191,6131,,,0.05068,,,97.31746031746032
fist 1 (m)_los angeles,2024,ES,Christ-Centered Ministries,FIST 1 (M),Los Angeles,00nan,6,20,0.95,3952,,,0.05068,,,197.6
fist 2 (w)_los angeles,2024,ES,Christ-Centered Ministries,FIST 2 (W),Los Angeles,00nan,6,20,0.7,3952,,,0.05068,,,197.6
fist 3 (m)_los angeles,2024,ES,Christ-Centered Ministries,FIST 3 (M),Los Angeles,00nan,6,20,0.95,3952,,,0.05068,,,197.6
fist 4 (w)_los angeles,2024,ES,Christ-Centered Ministries,FIST 4 (W),Los Angeles,00nan,6,20,0.75,3952,,,0.05068,,,197.6
fist 5 (w)_los angeles,2024,ES,Christ-Centered Ministries,FIST 5 (W),Los Angeles,00nan,6,20,0.5,3952,,,0.05068,,,197.6
fist 6 (m)_los angeles,2024,ES,Christ-Centered Ministries,FIST 6 (M),Los Angeles,00nan,6,20,0.85,3952,,,0.05068,,,197.6
fist 7 (m)_los angeles,2024,ES,Christ-Centered Ministries,FIST 7 (M),Los Angeles,00nan,6,20,0.85,3952,,,0.05068,,,197.6
mist (w)_los angeles,2024,ES,Christ-Centered Ministries,MIST (W),Los Angeles,00nan,6,20,0.65,3952,,,0.05068,,,197.6
restoration re-entry residence men_los angeles,2024,TH,Christ-Centered Ministries,Restoration Re-Entry Residence Men,Los Angeles,00nan,6,24,1.0,3952,,,0.05068,,,164.66666666666666
restoration re-entry residence women_los angeles,2024,TH,Christ-Centered Ministries,Restoration Re-Entry Residence Women,Los Angeles,00nan,6,122,0.0655737704918032,3952,,,0.05068,,,32.39344262295082
vip 1 (m) interim housing_los angeles,2024,ES,Christ-Centered Ministries,VIP 1 (M) Interim Housing,Los Angeles,00nan,6,20,0.95,3952,,,0.05068,,,197.6
vip 2 (m) interim housing_los angeles,2024,ES,Christ-Centered Ministries,VIP 2 (M) Interim Housing,Los Angeles,00nan,6,20,0.65,3952,,,0.05068,,,197.6
esperanza villa individual shelter baldwin park_baldwin park,2024,ES,City Net,Esperanza Villa Individual Shelter Baldwin Park,Baldwin Park,00nan,3,25,0.96,909,,,0.05068,,,36.36
tiny home bridge family housing baldwin park_baldwin park,2024,ES,City Net,Tiny Home Bridge Family Housing Baldwin Park,Baldwin Park,00nan,3,50,0.9,909,,,0.05068,,,18.18
mcgill transitional house_covina,2024,TH,City of Covina,McGill Transitional House,Covina,00nan,3,7,1.0,909,,,0.05068,,,129.85714285714286
ces bridge housing program_pomona,2024,ES,City of Pomona,CES Bridge Housing Program,Pomona,00nan,3,50,0.9,909,,,0.05068,,,18.18
ces crisis housing spa 3 voa_pomona,2024,ES,City of Pomona,CES Crisis Housing SPA 3 VOA,Pomona,00nan,3,100,0.92,909,,,0.05068,,,9.09
cities cohort crisis housing_pomona,2024,ES,City of Pomona,Cities Cohort Crisis Housing,Pomona,00nan,3,3,0.6666666666666666,909,,,0.05068,,,303.0
pd esg crisis housing_pomona,2024,ES,City of Pomona,PD ESG Crisis Housing,Pomona,00nan,3,6,0.8333333333333334,909,,,0.05068,,,151.5
tri-city crisis housing_pomona,2024,ES,City of Pomona,Tri-City Crisis Housing,Pomona,00nan,3,20,1.0,909,,,0.05068,,,45.45
community house northridge_northridge,2024,ES,Community Bridge Housing Corporation,Community House Northridge,Northridge,00nan,2,24,0.1666666666666666,3348,,,0.05068,,,139.5
community house saticoy_van nuys,2024,ES,Community Bridge Housing Corporation,Community House Saticoy,Van Nuys,00nan,2,18,0.3888888888888889,3348,,,0.05068,,,186.0
community house sylmar_sylmar,2024,ES,Community Bridge Housing Corporation,Community House Sylmar,Sylmar,00nan,2,50,0.32,3348,,,0.05068,,,66.96
community house van nuys_van nuys,2024,ES,Community Bridge Housing Corporation,Community House Van Nuys,Van Nuys,00nan,2,15,0.8666666666666667,3348,,,0.05068,,,223.2
confidential_confidential,2024,ES,CONFIDENTIAL,CONFIDENTIAL,CONFIDENTIAL,00nan,8,27,1.5555555555555556,1323,,,0.05068,,,49.0
ces bridge housing program youth_los angeles,2024,ES,Covenant House California,CES Bridge Housing Program Youth,Los Angeles,00nan,4,36,0.9166666666666666,6131,,,0.05068,,,170.30555555555554
ces crisis housing program youth_los angeles,2024,ES,Covenant House California,CES Crisis Housing Program Youth,Los Angeles,00nan,4,40,0.7,6131,,,0.05068,,,153.275
ces transitional housing youth (new)_los angeles,2024,TH,Covenant House California,CES Transitional Housing Youth (New),Los Angeles,00nan,4,34,0.9117647058823528,6131,,,0.05068,,,180.3235294117647
recovery bridge housing 2211_signal hill,2024,ES,Divine Healthcare Services Inc.,Recovery Bridge Housing 2211,Signal Hill,00nan,7,5,1.0,1203,,,0.05068,,,240.6
recovery bridge housing 2225_signal hill,2024,ES,Divine Healthcare Services Inc.,Recovery Bridge Housing 2225,Signal Hill,00nan,7,4,1.0,1203,,,0.05068,,,300.75
ces enhanced bridge housing for women_los angeles,2024,ES,Downtown Womens Center,CES Enhanced Bridge Housing for Women,Los Angeles,00nan,4,68,0.6470588235294118,6131,,,0.05068,,,90.16176470588235
dmh interim housing_los angeles,2024,ES,Eula's House,DMH Interim Housing,Los Angeles,00nan,6,15,1.0,3952,,,0.05068,,,263.46666666666664
dhs interim housing broadway_los angeles,2024,ES,"Exodus Recovery, Inc.",DHS Interim Housing Broadway,Los Angeles,00nan,4,45,0.6888888888888889,6131,,,0.05068,,,136.24444444444444
dhs phk esg - motel 6 baldwin park_baldwin park,2024,ES,"Exodus Recovery, Inc.",DHS PHK ESG - Motel 6 Baldwin Park,Baldwin Park,00nan,3,71,0.6056338028169014,909,,,0.05068,,,12.80281690140845
dmh emergency bridge housing_los angeles,2024,ES,"Exodus Recovery, Inc.",DMH Emergency Bridge Housing,Los Angeles,00nan,6,133,1.2330827067669172,3952,,,0.05068,,,29.714285714285715
safe landing_los angeles,2024,ES,"Exodus Recovery, Inc.",Safe Landing,Los Angeles,00nan,8,172,0.8662790697674418,1323,,,0.05068,,,7.691860465116279
family promise of the south bay - san pedro_san pedro,2024,TH,Family Promise of the South Bay,Family Promise of the South Bay - San Pedro,San Pedro,00nan,8,10,0.8,1323,,,0.05068,,,132.3
family promise of the south bay - torrance_torrance,2024,TH,Family Promise of the South Bay,Family Promise of the South Bay - Torrance,Torrance,00nan,8,15,2.2666666666666666,1323,,,0.05068,,,88.2
overnight accommodation_los angeles,2024,ES,"Fathers and Mothers Who Care, Inc.",Overnight Accommodation,Los Angeles,00nan,6,2,1.0,3952,,,0.05068,,,1976.0
transitional housing program spa 8_inglewood,2024,TH,First Place for Youth,Transitional Housing Program SPA 8,Inglewood,00nan,8,9,0.7777777777777778,1323,,,0.05068,,,147.0
bridge housing city roadmap king solomon_los angeles,2024,ES,First To Serve Inc.,Bridge Housing City Roadmap King Solomon,Los Angeles,00nan,6,80,0.775,3952,,,0.05068,,,49.4
ces bridge housing program_los angeles,2024,ES,First To Serve Inc.,CES Bridge Housing Program,Los Angeles,00nan,6,20,0.75,3952,,,0.05068,,,197.6
ces bridge housing program long beach_long beach,2024,ES,First To Serve Inc.,CES Bridge Housing Program Long Beach,Long Beach,00nan,8,81,0.8395061728395061,1323,,,0.05068,,,16.333333333333332
ces crisis housing family_los angeles,2024,ES,First To Serve Inc.,CES Crisis Housing Family,Los Angeles,00nan,6,50,0.82,3952,,,0.05068,,,79.04
ces crisis housing program_los angeles,2024,ES,First To Serve Inc.,CES Crisis Housing Program,Los Angeles,00nan,6,39,0.6666666666666666,3952,,,0.05068,,,101.33333333333333
dhs interim housing 32nd_los angeles,2024,ES,First To Serve Inc.,DHS Interim Housing 32nd,Los Angeles,00nan,6,35,0.7428571428571429,3952,,,0.05068,,,112.91428571428571
dhs interim housing coronado_los angeles,2024,ES,First To Serve Inc.,DHS Interim Housing Coronado,Los Angeles,00nan,4,124,0.8225806451612904,6131,,,0.05068,,,49.443548387096776
dhs interim housing mid city 3 - crenshaw_los angeles,2024,ES,First To Serve Inc.,DHS Interim Housing Mid City 3 - Crenshaw,Los Angeles,00nan,6,40,0.775,3952,,,0.05068,,,98.8
dhs interim housing vernon_los angeles,2024,ES,First To Serve Inc.,DHS Interim Housing Vernon,Los Angeles,00nan,6,75,0.7333333333333333,3952,,,0.05068,,,52.693333333333335
dhs odr interim housing 40th place - women_los angeles,2024,ES,First To Serve Inc.,DHS ODR Interim Housing 40th Place - Women,Los Angeles,00nan,6,18,1.0,3952,,,0.05068,,,219.55555555555554
dhs odr interim housing mid city 1 - women and families_los angeles,2024,ES,First To Serve Inc.,DHS ODR Interim Housing Mid City 1 - Women and Families,Los Angeles,00nan,4,24,1.0416666666666667,6131,,,0.05068,,,255.45833333333334
dhs odr interim housing mid city 2 - women_los angeles,2024,ES,First To Serve Inc.,DHS ODR Interim Housing Mid City 2 - Women,Los Angeles,00nan,6,36,0.25,3952,,,0.05068,,,109.77777777777777
dmh interim housing adult male center_los angeles,2024,ES,First To Serve Inc.,DMH Interim Housing Adult Male Center,Los Angeles,00nan,8,25,0.8,1323,,,0.05068,,,52.92
dmh interim housing coronado_los angeles,2024,ES,First To Serve Inc.,DMH Interim Housing Coronado,Los Angeles,00nan,4,20,0.95,6131,,,0.05068,,,306.55
dmh interim housing family center_los angeles,2024,ES,First To Serve Inc.,DMH Interim Housing Family Center,Los Angeles,00nan,6,32,1.0,3952,,,0.05068,,,123.5
dmh interim housing for women_los angeles,2024,ES,First To Serve Inc.,DMH Interim Housing for Women,Los Angeles,00nan,6,22,0.9545454545454546,3952,,,0.05068,,,179.63636363636363
inside safe hotel/motel voucher program_los angeles,2024,ES,First To Serve Inc.,Inside Safe Hotel/Motel Voucher Program,Los Angeles,00nan,6,76,1.0,3952,,,0.05068,,,52.0
winter shelter program long beach spa 8_long beach,2024,ES,First To Serve Inc.,Winter Shelter Program Long Beach SPA 8,Long Beach,00nan,8,40,0.875,1323,,,0.05068,,,33.075
winter shelter program vernon spa 6_los angeles,2024,ES,First To Serve Inc.,Winter Shelter Program Vernon SPA 6,Los Angeles,00nan,6,41,0.8048780487804879,3952,,,0.05068,,,96.39024390243902
recuperative care_los angeles,2024,ES,"Golden State Recuperative Care, Inc.",Recuperative Care,Los Angeles,00nan,6,22,0.3636363636363636,3952,,,0.05068,,,179.63636363636363
recuperative care_mission hills,2024,ES,Harbor Care Foundation,Recuperative Care,Mission HIlls,00nan,2,20,0.75,3348,,,0.05068,,,167.4
a bridge home spa 8_san pedro,2024,ES,Harbor Interfaith Services,A Bridge Home SPA 8,San Pedro,00nan,8,100,0.77,1323,,,0.05068,,,13.23
ces transitional housing spa 8_san pedro,2024,TH,Harbor Interfaith Services,CES Transitional Housing SPA 8,San Pedro,00nan,8,8,0.5,1323,,,0.05068,,,165.375
dhs interim housing_san pedro,2024,ES,Harbor Interfaith Services,DHS Interim Housing,San Pedro,00nan,8,40,0.775,1323,,,0.05068,,,33.075
esg-cv torrance pallet emergency shelter program_torrance,2024,ES,Harbor Interfaith Services,ESG-CV Torrance Pallet Emergency Shelter Program,Torrance,00nan,8,40,0.9,1323,,,0.05068,,,33.075
his fsc crisis housing_san pedro,2024,ES,Harbor Interfaith Services,HIS FSC Crisis Housing,San Pedro,00nan,8,52,0.7307692307692307,1323,,,0.05068,,,25.442307692307693
his fsc crisis housing motel/hotel vouchers (vouchers)_san pedro,2024,ES,Harbor Interfaith Services,HIS FSC Crisis Housing Motel/Hotel Vouchers (Vouchers),San Pedro,00nan,8,30,1.0,1323,,,0.05068,,,44.1
inside safe hotel/motel voucher program_san pedro,2024,ES,Harbor Interfaith Services,Inside Safe Hotel/Motel Voucher Program,San Pedro,00nan,8,62,1.0,1323,,,0.05068,,,21.338709677419356
redondo beach pallet shelter_redondo beach,2024,ES,Harbor Interfaith Services,Redondo Beach Pallet Shelter,Redondo Beach,00nan,8,20,1.0,1323,,,0.05068,,,66.15
you can have it a.l.l. (accelerated learning and living)_san pedro,2024,TH,Harbor Interfaith Services,You Can Have It A.L.L. (Accelerated Learning and Living),San Pedro,00nan,8,4,1.0,1323,,,0.05068,,,330.75
prototypes interim housing_los angeles,2024,ES,Health Right 360,Prototypes Interim Housing,Los Angeles,00nan,4,42,0.4523809523809524,6131,,,0.05068,,,145.97619047619048
transitional housing_los angeles,2024,TH,Helping Hands Outreach Organization,Transitional Housing,Los Angeles,00nan,6,11,1.0,3952,,,0.05068,,,359.27272727272725
hola recuperative care_palmadale,2024,ES,"HOLA Recuperative Care, Inc.",HOLA Recuperative Care,Palmadale,00nan,1,55,1.0909090909090908,575,,,0.05068,,,10.454545454545455
dhs odr recuperative care 104th_los angeles,2024,ES,"Holliday's Helping Hands, Inc.",DHS ODR Recuperative Care 104th,Los Angeles,00nan,6,23,0.391304347826087,3952,,,0.05068,,,171.82608695652175
dhs recuperative care torrance_torrance,2024,ES,"Holliday's Helping Hands, Inc.",DHS Recuperative Care Torrance,Torrance,00nan,8,53,0.3584905660377358,1323,,,0.05068,,,24.962264150943398
dhs recuperative care women and children_los angeles,2024,ES,"Holliday's Helping Hands, Inc.",DHS Recuperative Care Women and Children,Los Angeles,00nan,6,20,0.85,3952,,,0.05068,,,197.6
bridge housing city roadmap broadway matrix_los angeles,2024,ES,Home at Last Community Development Corporation,Bridge Housing City Roadmap Broadway Matrix,Los Angeles,00nan,6,146,0.9726027397260274,3952,,,0.05068,,,27.068493150684933
bridge housing city roadmap central liv_los angeles,2024,ES,Home at Last Community Development Corporation,Bridge Housing City Roadmap Central LIV,Los Angeles,00nan,6,23,0.9565217391304348,3952,,,0.05068,,,171.82608695652175
bridge housing city roadmap valley haven_van nuys,2024,ES,Home at Last Community Development Corporation,Bridge Housing City Roadmap Valley Haven,Van Nuys,00nan,2,146,0.952054794520548,3348,,,0.05068,,,22.931506849315067
hal - the lotus_los angeles,2024,ES,Home at Last Community Development Corporation,HAL - The Lotus,Los Angeles,00nan,4,80,1.5,6131,,,0.05068,,,76.6375
winter shelter program broadway spa 6_los angeles,2024,ES,Home at Last Community Development Corporation,Winter Shelter Program Broadway SPA 6,Los Angeles,00nan,6,50,0.96,3952,,,0.05068,,,79.04
a bridge home raymer cd2_north hollywood,2024,ES,Hope of the Valley Rescue Mission,A Bridge Home Raymer CD2,North Hollywood,00nan,2,85,0.7764705882352941,3348,,,0.05068,,,39.38823529411765
a bridge home van nuys cd2_van nuys,2024,ES,Hope of the Valley Rescue Mission,A Bridge Home Van Nuys CD2,Van Nuys,00nan,2,100,0.79,3348,,,0.05068,,,33.48
b7 bridge housing program spa 2_pacoima,2024,ES,Hope of the Valley Rescue Mission,B7 Bridge Housing Program SPA 2,Pacoima,00nan,2,28,0.8571428571428571,3348,,,0.05068,,,119.57142857142857
bridge housing city roadmap trebek center cd 12_sun valley,2024,ES,Hope of the Valley Rescue Mission,Bridge Housing City Roadmap Trebek Center CD 12,Sun Valley,00nan,2,107,0.719626168224299,3348,,,0.05068,,,31.289719626168225
fsc phk 2.0 alvarado hotel spa 4_los angeles,2024,ES,Hope of the Valley Rescue Mission,FSC PHK 2.0 Alvarado Hotel SPA 4,Los Angeles,00nan,4,162,0.7530864197530864,6131,,,0.05068,,,37.84567901234568
fsc phk 2.0 the sierras spa 1_lancaster,2024,ES,Hope of the Valley Rescue Mission,FSC PHK 2.0 The Sierras SPA 1,Lancaster,00nan,1,76,0.0,575,,,0.05068,,,7.565789473684211
fsc phk 2.0 the woodlands spa 2_woodland hills,2024,ES,Hope of the Valley Rescue Mission,FSC PHK 2.0 The Woodlands SPA 2,Woodland Hills,00nan,2,302,0.8543046357615894,3348,,,0.05068,,,11.086092715231787
inside safe hotel/motel voucher program_sun valley,2024,ES,Hope of the Valley Rescue Mission,Inside Safe Hotel/Motel Voucher Program,Sun Valley,00nan,2,235,1.0,3348,,,0.05068,,,14.246808510638298
tiny home village alexandria park_north hollywood,2024,ES,Hope of the Valley Rescue Mission,Tiny Home Village Alexandria Park,North Hollywood,00nan,2,195,0.558974358974359,3348,,,0.05068,,,17.16923076923077
tiny home village arroyo seco_los angeles,2024,ES,Hope of the Valley Rescue Mission,Tiny Home Village Arroyo Seco,Los Angeles,00nan,4,116,1.0,6131,,,0.05068,,,52.85344827586207
tiny home village chandler_north hollywood,2024,ES,Hope of the Valley Rescue Mission,Tiny Home Village Chandler,North Hollywood,00nan,2,70,0.7142857142857143,3348,,,0.05068,,,47.82857142857143
tiny home village topham_tarzana,2024,ES,Hope of the Valley Rescue Mission,Tiny Home Village Topham,Tarzana,00nan,2,76,0.986842105263158,3348,,,0.05068,,,44.05263157894737
tiny home village vanowen_reseda,2024,ES,Hope of the Valley Rescue Mission,Tiny Home Village Vanowen,Reseda,00nan,2,51,0.5490196078431373,3348,,,0.05068,,,65.6470588235294
tiny home village whitsett west_north hollywood,2024,ES,Hope of the Valley Rescue Mission,Tiny Home Village Whitsett West,North Hollywood,00nan,2,145,0.7586206896551724,3348,,,0.05068,,,23.089655172413792
vermont recuperative care_los angeles,2024,ES,Horizon Recuperative Care,Vermont Recuperative Care,Los Angeles,00nan,6,30,0.9666666666666668,3952,,,0.05068,,,131.73333333333332
recovery bridge housing sapc_san pedro,2024,ES,"House Of Hope Foundation, Inc",Recovery Bridge Housing SAPC,San Pedro,00nan,8,6,0.8333333333333334,1323,,,0.05068,,,220.5
sapc interim housing 9th st_san pedro,2024,ES,"House Of Hope Foundation, Inc",SAPC Interim Housing 9th St,San Pedro,00nan,8,3,1.0,1323,,,0.05068,,,441.0
sapc interim housing palos verdes_san pedro,2024,ES,"House Of Hope Foundation, Inc",SAPC Interim Housing Palos Verdes,San Pedro,00nan,8,16,0.75,1323,,,0.05068,,,82.6875
dhs interim housing  whittier_whittier,2024,ES,Illumination Foundation,DHS Interim Housing  Whittier,Whittier,00nan,7,85,0.8352941176470589,1203,,,0.05068,,,14.152941176470588
dhs interim housing sylmar_sylmar,2024,ES,Illumination Foundation,DHS Interim Housing Sylmar,Sylmar,00nan,2,48,0.7291666666666666,3348,,,0.05068,,,69.75
bridge housing cerritos_norwalk,2024,ES,"Jovenes, Inc.",Bridge Housing Cerritos,Norwalk,00nan,7,16,0.875,1203,,,0.05068,,,75.1875
bridge housing cpp_pomona,2024,ES,"Jovenes, Inc.",Bridge Housing CPP,Pomona,00nan,3,14,0.5714285714285714,909,,,0.05068,,,64.92857142857143
bridge housing csun_northridge,2024,ES,"Jovenes, Inc.",Bridge Housing CSUN,Northridge,00nan,2,7,1.5714285714285714,3348,,,0.05068,,,478.2857142857143
bridge housing laccd_los angeles,2024,ES,"Jovenes, Inc.",Bridge Housing LACCD,Los Angeles,00nan,4,18,1.0,6131,,,0.05068,,,340.6111111111111
bridge housing lasc_los angeles,2024,ES,"Jovenes, Inc.",Bridge Housing LASC,Los Angeles,00nan,6,11,0.4545454545454545,3952,,,0.05068,,,359.27272727272725
bridge housing mt. sac_west covina,2024,ES,"Jovenes, Inc.",Bridge Housing Mt. SAC,West Covina,00nan,3,7,1.2857142857142858,909,,,0.05068,,,129.85714285714286
ces bridge housing cerritos college success initiative_norwalk,2024,ES,"Jovenes, Inc.",CES Bridge Housing Cerritos College Success Initiative,Norwalk,00nan,7,12,0.5,1203,,,0.05068,,,100.25
ces bridge housing program la posada youth_los angeles,2024,ES,"Jovenes, Inc.",CES Bridge Housing Program La Posada Youth,Los Angeles,00nan,4,4,1.0,6131,,,0.05068,,,1532.75
ces crisis housing program la posada youth_los angeles,2024,ES,"Jovenes, Inc.",CES Crisis Housing Program La Posada Youth,Los Angeles,00nan,4,8,0.375,6131,,,0.05068,,,766.375
ces transitional housing youth spa 4 (new)_los angeles,2024,TH,"Jovenes, Inc.",CES Transitional Housing Youth SPA 4 (New),Los Angeles,00nan,4,25,0.64,6131,,,0.05068,,,245.24
ces transitional housing youth spa 7 (new)_bellflower,2024,TH,"Jovenes, Inc.",CES Transitional Housing Youth SPA 7 (New),Bellflower,00nan,7,23,0.9130434782608696,1203,,,0.05068,,,52.30434782608695
host homes transitional housing_norwalk,2024,TH,"Jovenes, Inc.",Host Homes Transitional Housing,Norwalk,00nan,7,15,0.3333333333333333,1203,,,0.05068,,,80.2
los padrinos emergency shelter women tay_los angeles,2024,ES,"Jovenes, Inc.",Los Padrinos Emergency Shelter Women TAY,Los Angeles,00nan,4,20,0.3,6131,,,0.05068,,,306.55
yhdp th-joint component_pomona,2024,TH,Just Us 4 Youth,YHDP TH-Joint Component,Pomona,00nan,3,20,0.7,909,,,0.05068,,,45.45
cecil safe landing_los angeles,2024,ES,"JWCH Institute, Inc.",Cecil Safe Landing,Los Angeles,00nan,4,0,,6131,,,0.05068,,,inf
dhs interim housing mlk_los angeles,2024,ES,"JWCH Institute, Inc.",DHS Interim Housing MLK,Los Angeles,00nan,6,96,0.6458333333333334,3952,,,0.05068,,,41.166666666666664
dhs interim housing san pedro_los angeles,2024,ES,"JWCH Institute, Inc.",DHS Interim Housing San Pedro,Los Angeles,00nan,4,50,0.64,6131,,,0.05068,,,122.62
jwch enhanced services program prc_los angeles,2024,ES,"JWCH Institute, Inc.",JWCH Enhanced Services Program PRC,Los Angeles,00nan,4,50,0.8,6131,,,0.05068,,,122.62
san julian oasis recuperative care program_los angeles,2024,ES,"JWCH Institute, Inc.",San Julian Oasis Recuperative Care Program,Los Angeles,00nan,4,31,1.0,6131,,,0.05068,,,197.7741935483871
a bridge home canoga park_canoga park,2024,ES,LA Family Housing Corporation (LAFH),A Bridge Home Canoga Park,Canoga Park,00nan,2,81,0.925925925925926,3348,,,0.05068,,,41.333333333333336
a bridge home sylmar_sylmar,2024,ES,LA Family Housing Corporation (LAFH),A Bridge Home Sylmar,Sylmar,00nan,2,70,0.9428571428571428,3348,,,0.05068,,,47.82857142857143
bridge housing city roadmap the taper_north hollywood,2024,ES,LA Family Housing Corporation (LAFH),Bridge Housing City Roadmap The Taper,North Hollywood,00nan,2,49,0.9387755102040816,3348,,,0.05068,,,68.3265306122449
ces bridge housing program (new)_los angeles,2024,ES,LA Family Housing Corporation (LAFH),CES Bridge Housing Program (New),Los Angeles,00nan,2,69,0.9565217391304348,3348,,,0.05068,,,48.52173913043478
ces crisis housing program path to home_los angeles,2024,ES,LA Family Housing Corporation (LAFH),CES Crisis Housing Program Path to Home,Los Angeles,00nan,2,2,1.0,3348,,,0.05068,,,1674.0
ces enhanced bridge housing older adults_los angeles,2024,ES,LA Family Housing Corporation (LAFH),CES Enhanced Bridge Housing Older Adults,Los Angeles,00nan,2,25,0.96,3348,,,0.05068,,,133.92
dhs interim housing_los angeles,2024,ES,LA Family Housing Corporation (LAFH),DHS Interim Housing,Los Angeles,00nan,2,30,0.9333333333333332,3348,,,0.05068,,,111.6
dhs recuperative care sylmar_sylmar,2024,ES,LA Family Housing Corporation (LAFH),DHS Recuperative Care Sylmar,Sylmar,00nan,2,15,1.0,3348,,,0.05068,,,223.2
dhs tyrone family crisis housing_van nuys,2024,ES,LA Family Housing Corporation (LAFH),DHS Tyrone Family Crisis Housing,Van Nuys,00nan,2,29,1.0,3348,,,0.05068,,,115.44827586206897
dmh family interim housing_north hollywood,2024,ES,LA Family Housing Corporation (LAFH),DMH Family Interim Housing,North Hollywood,00nan,2,34,1.0,3348,,,0.05068,,,98.47058823529412
inside safe hotel/motel voucher program_north hollywood,2024,ES,LA Family Housing Corporation (LAFH),Inside Safe Hotel/Motel Voucher Program,North Hollywood,00nan,2,79,1.0,3348,,,0.05068,,,42.379746835443036
lfh fsc crisis housing cesar chavez spa 4_los angeles,2024,ES,LA Family Housing Corporation (LAFH),LFH FSC Crisis Housing Cesar Chavez SPA 4,Los Angeles,00nan,4,76,0.9342105263157896,6131,,,0.05068,,,80.67105263157895
lfh fsc crisis housing motel/hotel vouchers (vouchers)_north hollywood,2024,ES,LA Family Housing Corporation (LAFH),LFH FSC Crisis Housing Motel/Hotel Vouchers (Vouchers),North Hollywood,00nan,2,670,1.0,3348,,,0.05068,,,4.997014925373135
lfh fsc crisis housing spa 2_north hollywood,2024,ES,LA Family Housing Corporation (LAFH),LFH FSC Crisis Housing SPA 2,North Hollywood,00nan,2,185,1.0,3348,,,0.05068,,,18.0972972972973
phk city encinitas_sylmar,2024,ES,LA Family Housing Corporation (LAFH),PHK CITY Encinitas,Sylmar,00nan,2,101,0.9108910891089108,3348,,,0.05068,,,33.148514851485146
phk city sieroty_reseda,2024,ES,LA Family Housing Corporation (LAFH),PHK CITY Sieroty,Reseda,00nan,2,75,1.0,3348,,,0.05068,,,44.64
va low demand safe haven_los angeles,2024,SH,LA Family Housing Corporation (LAFH),VA Low Demand Safe Haven,Los Angeles,00nan,2,20,0.95,3348,,,0.05068,,,167.4
bridge of hope community housing_hawthorne,2024,ES,Los Angeles Center for Alcohol and Drug Abuse (LA CADA),Bridge of Hope Community Housing,Hawthorne,00nan,8,12,0.9166666666666666,1323,,,0.05068,,,110.25
recovery bridge housing alhambra house_alhambra,2024,ES,Los Angeles Center for Alcohol and Drug Abuse (LA CADA),Recovery Bridge Housing Alhambra House,Alhambra,00nan,3,26,0.8076923076923077,909,,,0.05068,,,34.96153846153846
recovery bridge housing casa del corazon_santa fe springs,2024,ES,Los Angeles Center for Alcohol and Drug Abuse (LA CADA),Recovery Bridge Housing Casa Del Corazon,Santa Fe Springs,00nan,7,60,1.0,1203,,,0.05068,,,20.05
recovery bridge housing la mission_los angeles,2024,ES,Los Angeles Center for Alcohol and Drug Abuse (LA CADA),Recovery Bridge Housing LA Mission,Los Angeles,00nan,4,36,1.5,6131,,,0.05068,,,170.30555555555554
recovery bridge housing start house_altadena,2024,ES,Los Angeles Center for Alcohol and Drug Abuse (LA CADA),Recovery Bridge Housing Start House,Altadena,00nan,3,16,1.4375,909,,,0.05068,,,56.8125
residential treatment center allen house_santa fe springs,2024,ES,Los Angeles Center for Alcohol and Drug Abuse (LA CADA),Residential Treatment Center Allen House,Santa Fe Springs,00nan,7,60,1.6833333333333331,1203,,,0.05068,,,20.05
residential treatment facility alice’s house_whittier,2024,ES,Los Angeles Center for Alcohol and Drug Abuse (LA CADA),Residential Treatment Facility Alice’s House,Whittier ,00nan,7,16,2.1875,1203,,,0.05068,,,75.1875
residential treatment facility nuestra casa_south gate,2024,ES,Los Angeles Center for Alcohol and Drug Abuse (LA CADA),Residential Treatment Facility Nuestra Casa,South Gate,00nan,7,42,1.1904761904761905,1203,,,0.05068,,,28.642857142857142
tiny home village montebello_montebello,2024,ES,Los Angeles Center for Alcohol and Drug Abuse (LA CADA),Tiny Home Village Montebello,Montebello,00nan,7,30,0.9333333333333332,1203,,,0.05068,,,40.1
glendora motel dmh ihp_glendora,2024,ES,Los Angeles County Department of Mental Health (DMH),Glendora Motel DMH IHP,Glendora,00nan,3,0,,909,,,0.05068,,,inf
cal works homeless assistance program 04 el monte (vouchers)_el monte,2024,ES,Los Angeles County Department of Public Social Services (DPSS),Cal Works Homeless Assistance Program 04 El Monte (Vouchers),El Monte,00nan,3,166,1.0,909,,,0.05068,,,5.475903614457831
cal works homeless assistance program 05 belvedere (vouchers)_los angeles,2024,ES,Los Angeles County Department of Public Social Services (DPSS),Cal Works Homeless Assistance Program 05 Belvedere (Vouchers),Los Angeles,00nan,7,25,1.0,1203,,,0.05068,,,48.12
cal works homeless assistance program 11 east valley (vouchers)_van nuys,2024,ES,Los Angeles County Department of Public Social Services (DPSS),Cal Works Homeless Assistance Program 11 East Valley (Vouchers),Van Nuys,00nan,2,116,1.0,3348,,,0.05068,,,28.862068965517242
cal works homeless assistance program 13 metro family (vouchers)_los angeles,2024,ES,Los Angeles County Department of Public Social Services (DPSS),Cal Works Homeless Assistance Program 13 Metro Family (Vouchers),Los Angeles,00nan,6,427,1.0,3952,,,0.05068,,,9.255269320843091
cal works homeless assistance program 15 metro east (vouchers)_los angeles,2024,ES,Los Angeles County Department of Public Social Services (DPSS),Cal Works Homeless Assistance Program 15 Metro East (Vouchers),Los Angeles,00nan,4,76,1.0,6131,,,0.05068,,,80.67105263157895
cal works homeless assistance program 17 florence (vouchers)_los angeles,2024,ES,Los Angeles County Department of Public Social Services (DPSS),Cal Works Homeless Assistance Program 17 Florence (Vouchers),Los Angeles,00nan,7,473,1.0,1203,,,0.05068,,,2.543340380549683
cal works homeless assistance program 26 compton (vouchers)_compton,2024,ES,Los Angeles County Department of Public Social Services (DPSS),Cal Works Homeless Assistance Program 26 Compton (Vouchers),Compton,00nan,6,96,1.0,3952,,,0.05068,,,41.166666666666664
cal works homeless assistance program 27 s central (vouchers)_los angeles,2024,ES,Los Angeles County Department of Public Social Services (DPSS),Cal Works Homeless Assistance Program 27 S Central (Vouchers),Los Angeles,00nan,6,482,1.0,3952,,,0.05068,,,8.199170124481327
cal works homeless assistance program 31 south family (vouchers)_compton,2024,ES,Los Angeles County Department of Public Social Services (DPSS),Cal Works Homeless Assistance Program 31 South Family (Vouchers),Compton,00nan,8,156,1.0,1323,,,0.05068,,,8.48076923076923
cal works homeless assistance program 34 lancaster (vouchers)_lancaster,2024,ES,Los Angeles County Department of Public Social Services (DPSS),Cal Works Homeless Assistance Program 34 Lancaster (Vouchers),Lancaster,00nan,1,566,1.0,575,,,0.05068,,,1.0159010600706713
cal works homeless assistance program 36 pomona (vouchers)_pomona,2024,ES,Los Angeles County Department of Public Social Services (DPSS),Cal Works Homeless Assistance Program 36 Pomona (Vouchers),Pomona,00nan,3,134,1.0,909,,,0.05068,,,6.7835820895522385
cal works homeless assistance program 38 metro north (vouchers)_los angeles,2024,ES,Los Angeles County Department of Public Social Services (DPSS),Cal Works Homeless Assistance Program 38 Metro North (Vouchers),Los Angeles,00nan,4,100,1.0,6131,,,0.05068,,,61.31
cal works homeless assistance program 40 norwalk (vouchers)_norwalk,2024,ES,Los Angeles County Department of Public Social Services (DPSS),Cal Works Homeless Assistance Program 40 Norwalk (Vouchers),Norwalk,00nan,7,44,1.0,1203,,,0.05068,,,27.34090909090909
cal works homeless assistance program 51 santa clarita (vouchers)_canyon country,2024,ES,Los Angeles County Department of Public Social Services (DPSS),Cal Works Homeless Assistance Program 51 Santa Clarita (Vouchers),Canyon Country,00nan,2,18,1.0,3348,,,0.05068,,,186.0
cal works homeless assistance program 60 rancho park (vouchers)_los angeles,2024,ES,Los Angeles County Department of Public Social Services (DPSS),Cal Works Homeless Assistance Program 60 Rancho Park (Vouchers),Los Angeles,00nan,5,191,1.0,1176,,,0.05068,,,6.157068062827225
cal works homeless assistance program 66 licoln heights (vouchers)_los angeles,2024,ES,Los Angeles County Department of Public Social Services (DPSS),Cal Works Homeless Assistance Program 66 Licoln Heights (Vouchers),Los Angeles,00nan,4,18,1.0,6131,,,0.05068,,,340.6111111111111
cal works homeless assistance program 82 west valley (vouchers)_chatsworth,2024,ES,Los Angeles County Department of Public Social Services (DPSS),Cal Works Homeless Assistance Program 82 West Valley (Vouchers),Chatsworth,00nan,2,116,1.0,3348,,,0.05068,,,28.862068965517242
cal works homeless assistance program customer service centers (vouchers)_la puente,2024,ES,Los Angeles County Department of Public Social Services (DPSS),Cal Works Homeless Assistance Program Customer Service Centers (Vouchers),La Puente,00nan,3,59,1.0,909,,,0.05068,,,15.40677966101695
broadway navigation center_los angeles,2024,ES,Los Angeles Homeless Services Authority (LAHSA),Broadway Navigation Center,Los Angeles,00nan,6,124,0.2177419354838709,3952,,,0.05068,,,31.870967741935484
lhr fsc crisis housing_los angeles,2024,ES,Los Angeles House of Ruth,LHR FSC Crisis Housing,Los Angeles,00nan,4,35,0.7714285714285715,6131,,,0.05068,,,175.17142857142858
dmh center youth enhanced emergency shelter program_los angeles,2024,ES,Los Angeles LGBT Center,DMH Center Youth Enhanced Emergency Shelter Program,Los Angeles,00nan,4,20,0.9,6131,,,0.05068,,,306.55
host homes transitional housing_los angeles,2024,TH,Los Angeles LGBT Center,Host Homes Transitional Housing,Los Angeles,00nan,4,10,0.0,6131,,,0.05068,,,613.1
rhy transitional living program_los angeles,2024,TH,Los Angeles LGBT Center,RHY Transitional Living Program,Los Angeles,00nan,4,14,1.0,6131,,,0.05068,,,437.92857142857144
yhdp th-joint component_los angeles,2024,TH,Los Angeles LGBT Center,YHDP TH-Joint Component,Los Angeles,00nan,4,8,1.25,6131,,,0.05068,,,766.375
anne douglas center for women_los angeles,2024,TH,Los Angeles Mission,Anne Douglas Center for Women,Los Angeles,00nan,4,35,0.5428571428571428,6131,,,0.05068,,,175.17142857142858
fresh start_los angeles,2024,TH,Los Angeles Mission,Fresh Start,Los Angeles,00nan,4,150,0.74,6131,,,0.05068,,,40.873333333333335
ces transitional housing dunamis_los angeles,2024,TH,Los Angeles Room and Board,CES Transitional Housing Dunamis,Los Angeles,00nan,4,40,0.85,6131,,,0.05068,,,153.275
ces transitional housing excelsior_los angeles,2024,TH,Los Angeles Room and Board,CES Transitional Housing Excelsior,Los Angeles,00nan,4,29,0.896551724137931,6131,,,0.05068,,,211.41379310344828
transitional housing dunamis - pf_los angeles,2024,TH,Los Angeles Room and Board,Transitional Housing Dunamis - PF,Los Angeles,00nan,4,15,0.6,6131,,,0.05068,,,408.73333333333335
transitional housing excelsior - pf_los angeles,2024,TH,Los Angeles Room and Board,Transitional Housing Excelsior - PF,Los Angeles,00nan,4,2,1.0,6131,,,0.05068,,,3065.5
ces crisis housing program youth (new)_los angeles,2024,ES,Los Angeles Youth Network,CES Crisis Housing Program Youth (New),Los Angeles,00nan,4,15,0.5333333333333333,6131,,,0.05068,,,408.73333333333335
ces crisis housing unaccompanied minors (new)_los angeles,2024,ES,Los Angeles Youth Network,CES Crisis Housing Unaccompanied Minors (New),Los Angeles,00nan,4,8,0.625,6131,,,0.05068,,,766.375
ces measure h transitional housing youth program_los angeles,2024,TH,Los Angeles Youth Network,CES Measure H Transitional Housing Youth Program,Los Angeles,00nan,4,10,0.6,6131,,,0.05068,,,613.1
ces transitional housing youth program_los angeles,2024,ES,Los Angeles Youth Network,CES Transitional Housing Youth Program,Los Angeles,00nan,4,17,0.7647058823529411,6131,,,0.05068,,,360.6470588235294
measure of hearts - 233 e 62nd st_los angeles,2024,ES,Measure of Hearts,Measure of Hearts - 233 E 62nd st,Los Angeles,00nan,6,10,0.2,3952,,,0.05068,,,395.2
measure of hearts - 235 e 62nd st_los angeles,2024,ES,Measure of Hearts,Measure of Hearts - 235 E 62nd st,Los Angeles,00nan,6,10,0.6,3952,,,0.05068,,,395.2
measure of hearts - 324 w 46th st_los angeles,2024,ES,Measure of Hearts,Measure of Hearts - 324 W 46th St,Los Angeles,00nan,6,10,0.5,3952,,,0.05068,,,395.2
measure of hearts - 326 w 46th st_los angeles,2024,ES,Measure of Hearts,Measure of Hearts - 326 W 46th St,Los Angeles,00nan,6,10,0.4,3952,,,0.05068,,,395.2
measure of hearts - 5838 bonsallo ave_los angeles,2024,ES,Measure of Hearts,Measure of Hearts - 5838 Bonsallo Ave,Los Angeles,00nan,6,10,0.5,3952,,,0.05068,,,395.2
measure of hearts  5840 bonsallo ave_los angeles,2024,ES,Measure of Hearts,Measure of Hearts  5840 Bonsallo Ave,Los Angeles,00nan,6,10,0.5,3952,,,0.05068,,,395.2
bellflower temporary emergency shelter_bellflower,2024,ES,Mercy House,Bellflower Temporary Emergency Shelter,Bellflower,00nan,7,50,0.92,1203,,,0.05068,,,24.06
nhf glendale_glendale,2024,ES,National Health Foundation,NHF Glendale,Glendale,00nan,2,36,0.6111111111111112,3348,,,0.05068,,,93.0
hchv 257 bridge welcome center_los angeles,2024,ES,New Directions for Veterans,HCHV 257 Bridge Welcome Center,Los Angeles,00nan,5,18,0.5555555555555556,1176,,,0.05068,,,65.33333333333333
va clinical treatment transitional_los angeles,2024,TH,New Directions for Veterans,VA Clinical Treatment Transitional,Los Angeles,00nan,5,68,0.2205882352941176,1176,,,0.05068,,,17.294117647058822
va low demand transitional_los angeles,2024,SH,New Directions for Veterans,VA Low Demand Transitional,Los Angeles,00nan,5,60,0.8333333333333334,1176,,,0.05068,,,19.6
augmented winter shelter oakwood recreation center_venice,2024,ES,New Reflections Inc.,Augmented Winter Shelter Oakwood Recreation Center,Venice,00nan,5,0,,1176,,,0.05068,,,inf
bridge housing roadmap nri_los angeles,2024,ES,New Reflections Inc.,Bridge Housing Roadmap NRI,Los Angeles,00nan,6,25,0.88,3952,,,0.05068,,,158.08
nri emergency shelter 95th families_los angeles,2024,ES,New Reflections Inc.,NRI Emergency Shelter 95th Families,Los Angeles,00nan,6,11,0.5454545454545454,3952,,,0.05068,,,359.27272727272725
nri emergency shelter 95th individuals_los angeles,2024,ES,New Reflections Inc.,NRI Emergency Shelter 95th Individuals,Los Angeles,00nan,6,9,1.1111111111111112,3952,,,0.05068,,,439.1111111111111
winter shelter program western spa 6_los angeles,2024,ES,New Reflections Inc.,Winter Shelter Program Western SPA 6,Los Angeles,00nan,6,55,0.9272727272727272,3952,,,0.05068,,,71.85454545454546
n.o.a.h emergency housing_los angeles,2024,ES,Noahs Foundation Inc.,N.O.A.H Emergency Housing,Los Angeles,00nan,6,50,0.02,3952,,,0.05068,,,79.04
n.o.a.h's transitional living_los angeles,2024,TH,Noahs Foundation Inc.,N.O.A.H's Transitional Living,Los Angeles,00nan,6,22,0.1818181818181818,3952,,,0.05068,,,179.63636363636363
encampment to home (cd4)_van nuys,2024,ES,Noho Home Alliance,Encampment to Home (CD4),Van Nuys,00nan,2,18,0.3888888888888889,3348,,,0.05068,,,186.0
dhs interim housing wesley_los angeles,2024,ES,Open Arms Temporary Living,DHS Interim Housing Wesley,Los Angeles,00nan,6,56,0.9107142857142856,3952,,,0.05068,,,70.57142857142857
emergency housing independent living_los angeles,2024,ES,Open Arms Temporary Living,Emergency Housing Independent Living,Los Angeles,00nan,6,100,0.58,3952,,,0.05068,,,39.52
cedar ridge transitional housing_lancaster,2024,TH,Penny Lane Centers,Cedar Ridge Transitional Housing,Lancaster,00nan,1,7,0.4285714285714285,575,,,0.05068,,,82.14285714285714
ces transitional housing youth (new)_north hills,2024,TH,Penny Lane Centers,CES Transitional Housing Youth (New),North Hills,00nan,2,48,0.9166666666666666,3348,,,0.05068,,,69.75
a bridge home casa azul_los angeles,2024,ES,People Assisting the Homeless (PATH),A Bridge Home Casa Azul,Los Angeles,00nan,4,41,0.8536585365853658,6131,,,0.05068,,,149.53658536585365
a bridge home los feliz cd4_los angeles,2024,ES,People Assisting the Homeless (PATH),A Bridge Home Los Feliz CD4,Los Angeles,00nan,4,100,0.89,6131,,,0.05068,,,61.31
a bridge home pat fsc crisis housing riverside_los angeles,2024,ES,People Assisting the Homeless (PATH),A Bridge Home PAT FSC Crisis Housing Riverside,Los Angeles,00nan,4,80,0.925,6131,,,0.05068,,,76.6375
a bridge home pat fsc crisis housing wallis aviva_los angeles,2024,ES,People Assisting the Homeless (PATH),A Bridge Home PAT FSC Crisis Housing Wallis Aviva,Los Angeles,00nan,4,20,2.55,6131,,,0.05068,,,306.55
a bridge home pat fsc crisis housing wallis roadmap_los angeles,2024,ES,People Assisting the Homeless (PATH),A Bridge Home PAT FSC Crisis Housing Wallis Roadmap,Los Angeles,00nan,4,43,0.7906976744186046,6131,,,0.05068,,,142.58139534883722
a bridge home pat fsc la cienega_los angeles,2024,ES,People Assisting the Homeless (PATH),A Bridge Home PAT FSC LA Cienega,Los Angeles,00nan,5,46,0.9347826086956522,1176,,,0.05068,,,25.565217391304348
a bridge home sunset individuals_venice,2024,ES,People Assisting the Homeless (PATH),A Bridge Home Sunset Individuals,Venice,00nan,5,100,0.9,1176,,,0.05068,,,11.76
a bridge home sunset youth_venice,2024,ES,People Assisting the Homeless (PATH),A Bridge Home Sunset Youth,Venice,00nan,5,54,0.6851851851851852,1176,,,0.05068,,,21.77777777777778
a bridge home ywca_los angeles,2024,ES,People Assisting the Homeless (PATH),A Bridge Home YWCA,Los Angeles,00nan,4,94,0.8936170212765957,6131,,,0.05068,,,65.22340425531915
a bridge home ywca youth_los angeles,2024,ES,People Assisting the Homeless (PATH),A Bridge Home YWCA Youth,Los Angeles,00nan,4,30,0.9666666666666668,6131,,,0.05068,,,204.36666666666667
bridge housing city roadmap highland gardens_los angeles,2024,ES,People Assisting the Homeless (PATH),Bridge Housing City Roadmap Highland Gardens,Los Angeles,00nan,4,143,0.7622377622377622,6131,,,0.05068,,,42.87412587412587
ces crisis housing program los angeles_los angeles,2024,ES,People Assisting the Homeless (PATH),CES Crisis Housing Program Los Angeles,Los Angeles ,00nan,4,39,0.8461538461538461,6131,,,0.05068,,,157.2051282051282
el sereno crisis housing_los angeles,2024,ES,People Assisting the Homeless (PATH),El Sereno Crisis Housing,Los Angeles ,00nan,4,71,0.9859154929577464,6131,,,0.05068,,,86.35211267605634
hchv path cotner veteran care program_los angeles,2024,ES,People Assisting the Homeless (PATH),HCHV PATH Cotner Veteran Care Program,Los Angeles,00nan,5,30,0.8,1176,,,0.05068,,,39.2
pat fsc crisis housing motel vouchers (vouchers)_los angeles,2024,ES,People Assisting the Homeless (PATH),PAT FSC Crisis Housing Motel Vouchers (Vouchers),Los Angeles,00nan,4,171,1.0,6131,,,0.05068,,,35.853801169590646
path cares_los angeles,2024,ES,People Assisting the Homeless (PATH),PATH Cares,Los Angeles ,00nan,4,48,0.875,6131,,,0.05068,,,127.72916666666667
pathway home_inglewood,2024,ES,People Assisting the Homeless (PATH),Pathway Home,Inglewood,00nan,8,39,1.0,1323,,,0.05068,,,33.92307692307692
dhs interim housing_pomona,2024,ES,Prototypes,DHS Interim Housing,Pomona,00nan,3,45,0.8888888888888888,909,,,0.05068,,,20.2
dph interim housing rbh - sapc_pomona,2024,ES,Prototypes,DPH Interim Housing RBH - SAPC,Pomona,00nan,3,48,1.125,909,,,0.05068,,,18.9375
ces crisis housing program guadalupe_los angeles,2024,ES,Proyecto Pastoral,CES Crisis Housing Program Guadalupe,Los Angeles,00nan,4,41,0.8536585365853658,6131,,,0.05068,,,149.53658536585365
womens shelter program_los angeles,2024,ES,Proyecto Pastoral,Womens Shelter Program,Los Angeles,00nan,4,15,1.0,6131,,,0.05068,,,408.73333333333335
dhs interim housing orange_los angeles,2024,ES,Reach For The Top,DHS Interim Housing Orange,Los Angeles,00nan,6,25,0.96,3952,,,0.05068,,,158.08
ces transitional housing lighthouse_los angeles,2024,TH,Safe Place for Youth,CES Transitional Housing Lighthouse,Los Angeles,00nan,5,15,0.6,1176,,,0.05068,,,78.4
host homes transitional housing_venice,2024,TH,Safe Place for Youth,Host Homes Transitional Housing,Venice,00nan,5,15,0.2666666666666666,1176,,,0.05068,,,78.4
rhy maternity group home program_inglewood,2024,TH,Safe Place for Youth,RHY Maternity Group Home Program,Inglewood,00nan,8,18,0.8333333333333334,1323,,,0.05068,,,73.5
dhs interim housing sro_van nuys,2024,ES,"San Fernando Valley Community Mental Health Center, Inc.",DHS Interim Housing SRO,Van Nuys,00nan,2,10,1.0,3348,,,0.05068,,,334.8
dhs interim housing town homes_van nuys,2024,ES,"San Fernando Valley Community Mental Health Center, Inc.",DHS Interim Housing Town Homes,Van Nuys,00nan,2,28,0.9285714285714286,3348,,,0.05068,,,119.57142857142857
sylvan place co-op_van nuys,2024,TH,"San Fernando Valley Community Mental Health Center, Inc.",Sylvan Place Co-Op,Van Nuys,00nan,2,48,1.0,3348,,,0.05068,,,69.75
ces transitional housing hope connections spa 8_hawthorne,2024,TH,Sanctuary of Hope,CES Transitional Housing Hope Connections SPA 8,Hawthorne,00nan,8,10,0.8,1323,,,0.05068,,,132.3
measure h transitional housing program spa 6_los angeles,2024,TH,Sanctuary of Hope,Measure H Transitional Housing Program SPA 6,Los Angeles,00nan,6,13,0.8461538461538461,3952,,,0.05068,,,304.0
yhdp th-joint component_ingelwood,2024,TH,Sanctuary of Hope,YHDP TH-Joint Component,Ingelwood,00nan,8,8,0.75,1323,,,0.05068,,,165.375
dhs recuperative care east la_los angeles,2024,ES,"Serenity Recuperative Care, Inc.",DHS Recuperative Care East LA,Los Angeles,00nan,4,24,1.2916666666666667,6131,,,0.05068,,,255.45833333333334
dhs recuperative care lake view terrance_sylmar,2024,ES,"Serenity Recuperative Care, Inc.",DHS Recuperative Care Lake View Terrance,Sylmar,00nan,2,10,1.1,3348,,,0.05068,,,334.8
dhs recuperative care los angeles_los angeles,2024,ES,"Serenity Recuperative Care, Inc.",DHS Recuperative Care Los Angeles,Los Angeles,00nan,6,20,1.0,3952,,,0.05068,,,197.6
dhs stabilization cabrillo_torrance,2024,ES,"Serenity Recuperative Care, Inc.",DHS Stabilization Cabrillo,Torrance,00nan,8,22,0.9545454545454546,1323,,,0.05068,,,60.13636363636363
a bridge home ssg fsc crisis housing figueroa_los angeles,2024,ES,"Special Service for Groups, Inc.",A Bridge Home SSG FSC Crisis Housing Figueroa,Los Angeles,00nan,6,30,0.8666666666666667,3952,,,0.05068,,,131.73333333333332
a bridge home st. andrews place_los angeles,2024,ES,"Special Service for Groups, Inc.",A Bridge Home St. Andrews Place,Los Angeles,00nan,6,90,0.7,3952,,,0.05068,,,43.91111111111111
bridge housing city roadmap abundant blessings_los angeles,2024,ES,"Special Service for Groups, Inc.",Bridge Housing City Roadmap Abundant Blessings,Los Angeles,00nan,4,68,0.9705882352941176,6131,,,0.05068,,,90.16176470588235
bridge housing city roadmap lagc_los angeles,2024,ES,"Special Service for Groups, Inc.",Bridge Housing City Roadmap LAGC,Los Angeles,00nan,6,16,0.6875,3952,,,0.05068,,,247.0
bridge housing city roadmap motorcycle riders_los angeles,2024,ES,"Special Service for Groups, Inc.",Bridge Housing City Roadmap Motorcycle Riders,Los Angeles,00nan,6,32,0.875,3952,,,0.05068,,,123.5
ces bridge housing program lagc_los angeles,2024,ES,"Special Service for Groups, Inc.",CES Bridge Housing Program LAGC,Los Angeles,00nan,6,10,0.6,3952,,,0.05068,,,395.2
ces bridge housing program tclc_los angeles,2024,ES,"Special Service for Groups, Inc.",CES Bridge Housing Program TCLC,Los Angeles,00nan,6,10,0.9,3952,,,0.05068,,,395.2
ces crisis housing program lagc_los angeles,2024,ES,"Special Service for Groups, Inc.",CES Crisis Housing Program LAGC,Los Angeles,00nan,6,60,0.9,3952,,,0.05068,,,65.86666666666666
ces crisis housing program tclc_los angeles,2024,ES,"Special Service for Groups, Inc.",CES Crisis Housing Program TCLC,Los Angeles,00nan,6,20,0.85,3952,,,0.05068,,,197.6
ces enhanced bridge housing single females_los angeles,2024,ES,"Special Service for Groups, Inc.",CES Enhanced Bridge Housing Single Females,Los Angeles,00nan,4,20,0.6,6131,,,0.05068,,,306.55
dmh interim housing auntie mele's house_los angeles,2024,ES,"Special Service for Groups, Inc.",DMH Interim Housing Auntie Mele's House,Los Angeles,00nan,4,14,0.7142857142857143,6131,,,0.05068,,,437.92857142857144
dmh interim housing cedar lodge_los angeles,2024,ES,"Special Service for Groups, Inc.",DMH Interim Housing Cedar Lodge,Los Angeles,00nan,6,23,1.2608695652173914,3952,,,0.05068,,,171.82608695652175
dmh interim housing journey to wellness_los angeles,2024,ES,"Special Service for Groups, Inc.",DMH Interim Housing Journey To Wellness,Los Angeles,00nan,4,22,0.9090909090909092,6131,,,0.05068,,,278.6818181818182
dmh interim housing mark twain_los angeles,2024,ES,"Special Service for Groups, Inc.",DMH Interim Housing Mark Twain,Los Angeles,00nan,4,56,0.9107142857142856,6131,,,0.05068,,,109.48214285714286
dmh interim housing pine lodge_los angeles,2024,ES,"Special Service for Groups, Inc.",DMH Interim Housing Pine Lodge,Los Angeles,00nan,6,15,0.4666666666666667,3952,,,0.05068,,,263.46666666666664
dmh journey to new horizons_los angeles,2024,ES,"Special Service for Groups, Inc.",DMH Journey to New Horizons,Los Angeles,00nan,6,40,0.825,3952,,,0.05068,,,98.8
fsc phk 2.0 lemon house spa 6_compton,2024,ES,"Special Service for Groups, Inc.",FSC PHK 2.0 Lemon House SPA 6,Compton,00nan,6,0,,3952,,,0.05068,,,inf
interim housing grand corridor erf 2_los angeles,2024,ES,"Special Service for Groups, Inc.",Interim Housing Grand Corridor ERF 2,Los Angeles,00nan,6,0,,3952,,,0.05068,,,inf
pathway home_los angeles,2024,ES,"Special Service for Groups, Inc.",Pathway Home,Los Angeles,00nan,6,150,1.0,3952,,,0.05068,,,26.346666666666668
ssg fsc crisis housing_los angeles,2024,ES,"Special Service for Groups, Inc.",SSG FSC Crisis Housing,Los Angeles,00nan,6,596,0.0906040268456375,3952,,,0.05068,,,6.630872483221476
ssg fsc crisis housing 51st street_los angeles,2024,ES,"Special Service for Groups, Inc.",SSG FSC Crisis Housing 51st Street,Los Angeles,00nan,6,50,0.84,3952,,,0.05068,,,79.04
ssg fsc crisis housing abundant blessings_los angeles,2024,ES,"Special Service for Groups, Inc.",SSG FSC Crisis Housing Abundant Blessings,Los Angeles,00nan,6,345,0.5449275362318841,3952,,,0.05068,,,11.455072463768117
ssg fsc crisis housing connections for women_los angeles,2024,ES,"Special Service for Groups, Inc.",SSG FSC Crisis Housing Connections for Women,Los Angeles,00nan,6,100,1.25,3952,,,0.05068,,,39.52
ssg fsc crisis housing fair opportunities for change_los angeles,2024,ES,"Special Service for Groups, Inc.",SSG FSC Crisis Housing Fair Opportunities for Change,Los Angeles,00nan,6,34,1.0,3952,,,0.05068,,,116.23529411764706
ssg fsc crisis housing la global care_los angeles,2024,ES,"Special Service for Groups, Inc.",SSG FSC Crisis Housing LA Global Care,Los Angeles,00nan,6,208,0.8269230769230769,3952,,,0.05068,,,19.0
ssg fsc crisis housing la global care 49th st_los angeles,2024,ES,"Special Service for Groups, Inc.",SSG FSC Crisis Housing LA Global Care 49th St,Los Angeles,00nan,6,18,0.9444444444444444,3952,,,0.05068,,,219.55555555555554
ssg fsc crisis housing long beach ave_los angeles,2024,ES,"Special Service for Groups, Inc.",SSG FSC Crisis Housing Long Beach Ave,Los Angeles,00nan,6,36,0.0555555555555555,3952,,,0.05068,,,109.77777777777777
ssg fsc crisis housing motel/hotel vouchers (vouchers)_los angeles,2024,ES,"Special Service for Groups, Inc.",SSG FSC Crisis Housing Motel/Hotel Vouchers (Vouchers),Los Angeles,00nan,6,45,1.0,3952,,,0.05068,,,87.82222222222222
ssg fsc crisis housing motor cycle riders for homeless parol_los angeles,2024,ES,"Special Service for Groups, Inc.",SSG FSC Crisis Housing Motor Cycle Riders for Homeless Parol,Los Angeles,00nan,6,24,0.9583333333333334,3952,,,0.05068,,,164.66666666666666
ssg fsc crisis housing new reflections_los angeles,2024,ES,"Special Service for Groups, Inc.",SSG FSC Crisis Housing New Reflections,Los Angeles,00nan,6,24,1.0,3952,,,0.05068,,,164.66666666666666
ssg fsc crisis housing sustainable futures_los angeles,2024,ES,"Special Service for Groups, Inc.",SSG FSC Crisis Housing Sustainable Futures,Los Angeles,00nan,6,26,1.0,3952,,,0.05068,,,152.0
dmh interim housing program_los angeles,2024,ES,SRO Housing Corporation,DMH Interim Housing Program,Los Angeles,00nan,4,75,0.92,6131,,,0.05068,,,81.74666666666667
housing for health access emergency_los angeles,2024,ES,SRO Housing Corporation,Housing For Health Access Emergency,Los Angeles,00nan,4,60,0.9833333333333332,6131,,,0.05068,,,102.18333333333334
sro housing russ hotel_los angeles,2024,ES,SRO Housing Corporation,SRO Housing Russ Hotel,Los Angeles,00nan,4,60,0.0,6131,,,0.05068,,,102.18333333333334
va bridge housing program_los angeles,2024,SH,SRO Housing Corporation,VA Bridge Housing Program,Los Angeles,00nan,4,27,0.1481481481481481,6131,,,0.05068,,,227.07407407407408
va low demand transitional housing_los angeles,2024,SH,SRO Housing Corporation,VA Low Demand Transitional Housing,Los Angeles,00nan,4,19,0.8421052631578947,6131,,,0.05068,,,322.6842105263158
va service intensive transitional housing_los angeles,2024,TH,SRO Housing Corporation,VA Service Intensive Transitional Housing,Los Angeles,00nan,4,60,0.6,6131,,,0.05068,,,102.18333333333334
crisis housing family shelter safe landing for families_los angeles,2024,ES,St. Joseph Center,Crisis Housing Family Shelter Safe Landing for Families,Los Angeles,00nan,6,40,0.5,3952,,,0.05068,,,98.8
dhs interim housing the manor_santa monica,2024,ES,St. Joseph Center,DHS Interim Housing The Manor,Santa Monica,00nan,5,45,0.0,1176,,,0.05068,,,26.133333333333333
fsc phk 2.0 ramona spa 6_los angeles,2024,ES,St. Joseph Center,FSC PHK 2.0 Ramona SPA 6,Los Angeles,00nan,6,0,,3952,,,0.05068,,,inf
inside safe hotel/motel voucher program_venice,2024,ES,St. Joseph Center,Inside Safe Hotel/Motel Voucher Program,Venice,00nan,5,143,1.0,1176,,,0.05068,,,8.223776223776223
pathway home_lynwood,2024,ES,St. Joseph Center,Pathway Home,Lynwood,00nan,6,40,1.0,3952,,,0.05068,,,98.8
stj fsc crisis housing motel/hotel vouchers (vouchers)_venice,2024,ES,St. Joseph Center,STJ FSC Crisis Housing Motel/Hotel Vouchers (Vouchers),Venice,00nan,5,91,1.0,1176,,,0.05068,,,12.923076923076923
stj fsc westminster tlc venice community housing crisis housing_venice,2024,ES,St. Joseph Center,STJ FSC Westminster TLC Venice Community Housing Crisis Housing,Venice,00nan,5,17,1.0,1176,,,0.05068,,,69.17647058823529
ces transitional housing youth (new)_west covina,2024,TH,Sycamores,CES Transitional Housing Youth (New),West Covina,00nan,3,74,0.8108108108108109,909,,,0.05068,,,12.283783783783784
ces transitional housing youth families (new)_west covina,2024,TH,Sycamores,CES Transitional Housing Youth Families (New),West Covina,00nan,3,12,0.75,909,,,0.05068,,,75.75
sapc interim housing victory_reseda,2024,ES,Tarzana Treatment Center,SAPC Interim Housing Victory,Reseda,00nan,2,8,0.75,3348,,,0.05068,,,418.5
ttc housing and recovery emergency shelter_tarzana,2024,ES,Tarzana Treatment Center,TTC Housing and Recovery Emergency Shelter,Tarzana,00nan,2,15,0.9333333333333332,3348,,,0.05068,,,223.2
bridge housing city roadmap south western_los angeles,2024,ES,Testimonial Community Love Center,Bridge Housing City Roadmap South Western,Los Angeles,00nan,6,17,0.6470588235294118,3952,,,0.05068,,,232.47058823529412
ces crisis housing program (new)_los angeles,2024,ES,Testimonial Community Love Center,CES Crisis Housing Program (New),Los Angeles,00nan,6,40,0.875,3952,,,0.05068,,,98.8
house of abundance_los angeles,2024,TH,The Amaad Institute,House of Abundance,Los Angeles,00nan,6,20,0.05,3952,,,0.05068,,,197.6
house of resiliency_los angeles,2024,TH,The Amaad Institute,House of Resiliency,Los Angeles,00nan,6,5,0.8,3952,,,0.05068,,,790.4
project impact cohort iii_los angeles,2024,TH,The Amaad Institute,Project Impact Cohort III,Los Angeles,00nan,6,8,0.125,3952,,,0.05068,,,494.0
resilient solutions_los angeles,2024,TH,The Amaad Institute,Resilient Solutions,Los Angeles,00nan,6,10,0.1,3952,,,0.05068,,,395.2
resilient solutions samhsa_los angeles,2024,TH,The Amaad Institute,Resilient Solutions SAMHSA,Los Angeles,00nan,6,10,0.3,3952,,,0.05068,,,395.2
healthy living program_los angeles,2024,ES,The Midnight Mission,Healthy Living Program,Los Angeles,00nan,4,92,0.532608695652174,6131,,,0.05068,,,66.6413043478261
homelight family living_los angeles,2024,TH,The Midnight Mission,Homelight Family Living,Los Angeles,00nan,4,35,1.2,6131,,,0.05068,,,175.17142857142858
a bridge home el puente_los angeles,2024,ES,The People Concern,A Bridge Home El Puente,Los Angeles,00nan,4,45,0.8888888888888888,6131,,,0.05068,,,136.24444444444444
ca0527 westside safe haven - residential program_santa monica,2024,SH,The People Concern,CA0527 Westside Safe Haven - Residential Program,Santa Monica,00nan,5,25,0.8,1176,,,0.05068,,,47.04
ces bridge housing kensington spa 1_lancaster,2024,ES,The People Concern,CES Bridge Housing Kensington SPA 1,Lancaster,00nan,1,51,0.4117647058823529,575,,,0.05068,,,11.27450980392157
ces bridge housing program spa 5_santa monica,2024,ES,The People Concern,CES Bridge Housing Program SPA 5,Santa Monica,00nan,5,3,0.6666666666666666,1176,,,0.05068,,,392.0
ces crisis housing program city spa 5_santa monica,2024,ES,The People Concern,CES Crisis Housing Program CITY SPA 5,Santa Monica,00nan,5,6,1.0,1176,,,0.05068,,,196.0
ces crisis housing program lamp village_los angeles,2024,ES,The People Concern,CES Crisis Housing Program LAMP Village,Los Angeles,00nan,4,20,0.75,6131,,,0.05068,,,306.55
ces enhanced bridge housing older adults spa 1_lancaster,2024,ES,The People Concern,CES Enhanced Bridge Housing Older Adults SPA 1,Lancaster,00nan,1,30,0.7666666666666667,575,,,0.05068,,,19.166666666666668
ces enhanced bridge housing single females spa 1_lancaster,2024,ES,The People Concern,CES Enhanced Bridge Housing Single Females SPA 1,Lancaster,00nan,1,29,0.5517241379310345,575,,,0.05068,,,19.82758620689655
col interim housing spa 1_lancaster,2024,ES,The People Concern,COL Interim Housing SPA 1,Lancaster,00nan,1,5,0.6,575,,,0.05068,,,115.0
dhs enhanced services beds - village_los angeles,2024,ES,The People Concern,DHS Enhanced Services Beds - Village,Los Angeles,00nan,4,13,1.0,6131,,,0.05068,,,471.61538461538464
dhs interim housing solar_compton,2024,ES,The People Concern,DHS Interim Housing SOLAR,Compton,00nan,6,38,0.5263157894736842,3952,,,0.05068,,,104.0
dhs/lahsa co-funded beds - village_los angeles,2024,ES,The People Concern,DHS/LAHSA Co-Funded Beds - Village,Los Angeles,00nan,4,7,0.4285714285714285,6131,,,0.05068,,,875.8571428571429
dmh interim housing cloverfield/daybreak_santa monica,2024,ES,The People Concern,DMH Interim Housing Cloverfield/Daybreak,Santa Monica,00nan,5,14,0.7857142857142857,1176,,,0.05068,,,84.0
dmh interim housing kensington_lancaster,2024,ES,The People Concern,DMH Interim Housing Kensington,Lancaster,00nan,1,27,1.148148148148148,575,,,0.05068,,,21.296296296296298
dmh interim housing samoshel_santa monica,2024,ES,The People Concern,DMH Interim Housing Samoshel,Santa Monica,00nan,5,2,0.0,1176,,,0.05068,,,588.0
dmh interim housing the village_los angeles,2024,ES,The People Concern,DMH Interim Housing The Village,Los Angeles,00nan,4,7,1.0,6131,,,0.05068,,,875.8571428571429
dmh interim housing turning point_santa monica,2024,ES,The People Concern,DMH Interim Housing Turning Point,Santa Monica,00nan,5,21,0.7619047619047619,1176,,,0.05068,,,56.0
haus_los angeles,2024,ES,The People Concern,HAUS,Los Angeles,00nan,4,25,0.8,6131,,,0.05068,,,245.24
non-dmh interim housing daybreak residents_santa monica,2024,ES,The People Concern,Non-DMH Interim Housing Daybreak Residents,Santa Monica,00nan,5,6,0.5,1176,,,0.05068,,,196.0
phk city the layover_los angeles,2024,ES,The People Concern,PHK CITY The Layover,Los Angeles,00nan,5,44,0.7045454545454546,1176,,,0.05068,,,26.727272727272727
samoshel interim housing_santa monica,2024,ES,The People Concern,SAMOSHEL Interim Housing,Santa Monica,00nan,5,58,0.5172413793103449,1176,,,0.05068,,,20.275862068965516
the people concern - village ih_los angeles,2024,ES,The People Concern,The People Concern - Village IH,Los Angeles,00nan,4,25,1.08,6131,,,0.05068,,,245.24
turning point case management_santa monica,2024,ES,The People Concern,Turning Point Case Management,Santa Monica,00nan,5,25,0.56,1176,,,0.05068,,,47.04
a bridge home imperial hwy_los angeles,2024,ES,The Salvation Army,A Bridge Home Imperial Hwy,Los Angeles,00nan,6,100,0.72,3952,,,0.05068,,,39.52
a bridge home lafayette_los angeles,2024,ES,The Salvation Army,A Bridge Home Lafayette,Los Angeles,00nan,4,72,0.7638888888888888,6131,,,0.05068,,,85.15277777777777
bell shelter city of bell_bell,2024,ES,The Salvation Army,Bell Shelter City of Bell,Bell,00nan,8,36,0.9166666666666666,1323,,,0.05068,,,36.75
bell shelter city of paramount_bell,2024,ES,The Salvation Army,Bell Shelter City of Paramount,Bell,00nan,7,12,1.6666666666666667,1203,,,0.05068,,,100.25
bell shelter district 1_bell,2024,ES,The Salvation Army,Bell Shelter District 1,Bell,00nan,7,4,0.75,1203,,,0.05068,,,300.75
bell shelter lakewood_bell,2024,ES,The Salvation Army,Bell Shelter Lakewood,Bell,00nan,7,4,0.75,1203,,,0.05068,,,300.75
bell shelter transitional housing_bell,2024,TH,The Salvation Army,Bell Shelter Transitional Housing,Bell,00nan,7,10,1.4,1203,,,0.05068,,,120.3
bridge housing city roadmap isaiah's house_los angeles,2024,ES,The Salvation Army,Bridge Housing City Roadmap Isaiah's House,Los Angeles,00nan,4,30,0.7333333333333333,6131,,,0.05068,,,204.36666666666667
ces bridge housing program reserved_bell,2024,ES,The Salvation Army,CES Bridge Housing Program Reserved,Bell,00nan,7,19,0.9473684210526316,1203,,,0.05068,,,63.31578947368421
ces bridge housing program way in youth_los angeles,2024,ES,The Salvation Army,CES Bridge Housing Program Way In Youth,Los Angeles,00nan,4,3,1.0,6131,,,0.05068,,,2043.6666666666667
ces crisis housing program (new)_bell,2024,ES,The Salvation Army,CES Crisis Housing Program (New),Bell,00nan,7,57,0.9473684210526316,1203,,,0.05068,,,21.105263157894736
ces crisis housing way in youth_los angeles,2024,ES,The Salvation Army,CES Crisis Housing Way In Youth,Los Angeles,00nan,4,5,0.8,6131,,,0.05068,,,1226.2
ces transitional housing spa 1_palmdale,2024,TH,The Salvation Army,CES Transitional Housing SPA 1,Palmdale,00nan,1,11,0.3636363636363636,575,,,0.05068,,,52.27272727272727
ces transitional housing spa 5_los angeles,2024,TH,The Salvation Army,CES Transitional Housing SPA 5,Los Angeles,00nan,6,12,0.75,3952,,,0.05068,,,329.3333333333333
dhs interim housing lilly's place_los angeles,2024,ES,The Salvation Army,DHS Interim Housing Lilly's Place,Los Angeles,00nan,4,32,0.96875,6131,,,0.05068,,,191.59375
dhs phk esg-motel 6 norwalk_norwalk,2024,ES,The Salvation Army,DHS PHK ESG-Motel 6 Norwalk,Norwalk,00nan,7,53,0.5471698113207547,1203,,,0.05068,,,22.69811320754717
dmh interim housing bell shelter_bell,2024,ES,The Salvation Army,DMH Interim Housing Bell Shelter,Bell,00nan,7,95,0.6421052631578947,1203,,,0.05068,,,12.663157894736843
dmh interim housing hope harbor_los angeles,2024,ES,The Salvation Army,DMH Interim Housing Hope Harbor,Los Angeles,00nan,6,90,0.1666666666666666,3952,,,0.05068,,,43.91111111111111
dmh interim housing santa fe springs_whittier,2024,ES,The Salvation Army,DMH Interim Housing Santa Fe Springs,Whittier,00nan,7,116,0.4568965517241379,1203,,,0.05068,,,10.370689655172415
dmh interim housing west wing_whittier,2024,ES,The Salvation Army,DMH Interim Housing West Wing,Whittier,00nan,7,24,1.1666666666666667,1203,,,0.05068,,,50.125
dmh interim housing zahn_los angeles,2024,ES,The Salvation Army,DMH Interim Housing Zahn,Los Angeles,00nan,4,36,1.3333333333333333,6131,,,0.05068,,,170.30555555555554
enhanced emergency shelter program the way in_los angeles,2024,ES,The Salvation Army,Enhanced Emergency Shelter Program The Way In,Los Angeles,00nan,4,14,0.9285714285714286,6131,,,0.05068,,,437.92857142857144
gpd va bridge housing program_bell,2024,TH,The Salvation Army,GPD VA Bridge Housing Program,Bell,00nan,7,20,0.05,1203,,,0.05068,,,60.15
gpd va bridge housing program hope harbor_los angeles,2024,TH,The Salvation Army,GPD VA Bridge Housing Program Hope Harbor,Los Angeles,00nan,6,5,0.4,3952,,,0.05068,,,790.4
gpd va clinical treatment_bell,2024,TH,The Salvation Army,GPD VA Clinical Treatment,Bell,00nan,7,50,0.18,1203,,,0.05068,,,24.06
gpd va clinical treatment hope harbor_los angeles,2024,TH,The Salvation Army,GPD VA Clinical Treatment Hope Harbor,Los Angeles,00nan,6,42,0.3571428571428571,3952,,,0.05068,,,94.0952380952381
gpd va low demand safe haven_bell,2024,SH,The Salvation Army,GPD VA Low Demand Safe Haven,Bell,00nan,7,30,0.5666666666666667,1203,,,0.05068,,,40.1
gpd va service intensive transitional housing bell shelter_bell,2024,TH,The Salvation Army,GPD VA Service Intensive Transitional Housing Bell Shelter,Bell,00nan,7,71,0.5352112676056338,1203,,,0.05068,,,16.943661971830984
the way in youth transitional housing_los angeles,2024,TH,The Salvation Army,The Way In Youth Transitional Housing,Los Angeles,00nan,4,24,0.625,6131,,,0.05068,,,255.45833333333334
tiny home village harbor park_wilmington,2024,ES,The Salvation Army,Tiny Home Village Harbor Park,Wilmington,00nan,8,75,0.7466666666666667,1323,,,0.05068,,,17.64
tsa fsc westwood transitional village crisis housing_los angeles,2024,ES,The Salvation Army,TSA FSC Westwood Transitional Village Crisis Housing,Los Angeles,00nan,5,105,0.8666666666666667,1176,,,0.05068,,,11.2
va transitional housing westwood_los angeles,2024,TH,The Salvation Army,VA Transitional Housing Westwood,Los Angeles,00nan,5,26,0.6538461538461539,1176,,,0.05068,,,45.23076923076923
wellness center transitional housing_bell,2024,TH,The Salvation Army,Wellness Center Transitional Housing,Bell,00nan,7,36,0.8611111111111112,1203,,,0.05068,,,33.416666666666664
whittier emergency shelter_whittier,2024,ES,The Salvation Army,Whittier Emergency Shelter,Whittier,00nan,7,139,0.014388489208633,1203,,,0.05068,,,8.654676258992806
ces bridge housing program hope of the valley_burbank,2024,ES,The Village Family Services,CES Bridge Housing Program Hope of the Valley,Burbank,00nan,2,20,0.9,3348,,,0.05068,,,167.4
ces transitional housing program hope of the valley spa 2_burbank,2024,TH,The Village Family Services,CES Transitional Housing Program Hope of the Valley SPA 2,Burbank,00nan,2,16,1.125,3348,,,0.05068,,,209.25
twc fsc crisis housing_los angeles,2024,ES,The Whole Child,TWC FSC Crisis Housing,Los Angeles,00nan,4,14,1.5714285714285714,6131,,,0.05068,,,437.92857142857144
twc fsc crisis housing motel/hotel vouchers 2 (vouchers)_whittier,2024,ES,The Whole Child,TWC FSC Crisis Housing Motel/Hotel Vouchers 2 (Vouchers),Whittier,00nan,7,12,1.0,1203,,,0.05068,,,100.25
twc fsc crisis housing safe families_los angeles,2024,ES,The Whole Child,TWC FSC Crisis Housing Safe Families,Los Angeles,00nan,4,104,0.9615384615384616,6131,,,0.05068,,,58.95192307692308
dhs interim housing pathway homes - 61st_los angeles,2024,ES,Timelist Group Inc,DHS Interim Housing Pathway Homes - 61st,Los Angeles,00nan,6,23,0.8260869565217391,3952,,,0.05068,,,171.82608695652175
dhs interim housing pathway homes - 8th ave_los angeles,2024,ES,Timelist Group Inc,DHS Interim Housing Pathway Homes - 8th Ave,Los Angeles,00nan,6,40,0.9,3952,,,0.05068,,,98.8
dhs interim housing pathway homes - holmes_los angeles,2024,ES,Timelist Group Inc,DHS Interim Housing Pathway Homes - Holmes,Los Angeles,00nan,6,23,0.9130434782608696,3952,,,0.05068,,,171.82608695652175
interim housing san pedro_los angeles,2024,ES,Triangle Christian Services,Interim Housing San Pedro,Los Angeles,00nan,6,20,0.35,3952,,,0.05068,,,197.6
pathway home_irwindale,2024,ES,Union Station Homeless Services,Pathway Home,Irwindale,00nan,3,102,1.0,909,,,0.05068,,,8.911764705882353
phk city casa luna_los angeles,2024,ES,Union Station Homeless Services,PHK CITY Casa Luna,Los Angeles,00nan,4,41,1.0,6131,,,0.05068,,,149.53658536585365
phk city el monte_el monte,2024,ES,Union Station Homeless Services,PHK CITY El Monte,El Monte,00nan,3,39,0.9230769230769232,909,,,0.05068,,,23.307692307692307
phk city huntington villas_los angeles,2024,ES,Union Station Homeless Services,PHK CITY Huntington Villas,Los Angeles,00nan,4,50,1.0,6131,,,0.05068,,,122.62
tiny home village eagle rock_los angeles,2024,ES,Union Station Homeless Services,Tiny Home Village Eagle Rock,Los Angeles,00nan,4,43,0.9302325581395348,6131,,,0.05068,,,142.58139534883722
ushs fsc crisis housing vouchers (vouchers)_irwindale,2024,ES,Union Station Homeless Services,USHS FSC Crisis Housing Vouchers (Vouchers),Irwindale,00nan,3,131,1.0,909,,,0.05068,,,6.938931297709924
ces transitional housing youth families spa 5 (new)_los angeles,2024,TH,United Friends of the Children,CES Transitional Housing Youth Families SPA 5 (New),Los Angeles,00nan,5,1,1.0,1176,,,0.05068,,,1176.0
ces transitional housing youth families spa 7 (new)_whittier,2024,TH,United Friends of the Children,CES Transitional Housing Youth Families SPA 7 (New),Whittier,00nan,7,6,0.8333333333333334,1203,,,0.05068,,,200.5
ces transitional housing youth spa 5 (new)_los angeles,2024,TH,United Friends of the Children,CES Transitional Housing Youth SPA 5 (New),Los Angeles,00nan,5,6,0.8333333333333334,1176,,,0.05068,,,196.0
ces transitional housing youth spa 7 (new)_whittier,2024,TH,United Friends of the Children,CES Transitional Housing Youth SPA 7 (New),Whittier,00nan,7,59,0.9152542372881356,1203,,,0.05068,,,20.389830508474578
ces transitional housing youth spa 8 (new)_los angeles,2024,TH,United Friends of the Children,CES Transitional Housing Youth SPA 8 (New),Los Angeles,00nan,8,8,1.0,1323,,,0.05068,,,165.375
a bridge home eubank cd15_wilmington,2024,ES,"United States Veterans Initiative, Inc.",A Bridge Home Eubank CD15,Wilmington,00nan,8,100,0.89,1323,,,0.05068,,,13.23
b7 bridge housing program_inglewood,2024,ES,"United States Veterans Initiative, Inc.",B7 Bridge Housing Program,Inglewood,00nan,8,19,0.9473684210526316,1323,,,0.05068,,,69.63157894736842
ca0520 veterans in progress_inglewood,2024,TH,"United States Veterans Initiative, Inc.",CA0520 Veterans In Progress,Inglewood,00nan,8,170,0.9,1323,,,0.05068,,,7.7823529411764705
ces bridge housing program_inglewood,2024,ES,"United States Veterans Initiative, Inc.",CES Bridge Housing Program,Inglewood,00nan,8,7,0.2857142857142857,1323,,,0.05068,,,189.0
ces crisis housing program_inglewood,2024,ES,"United States Veterans Initiative, Inc.",CES Crisis Housing Program,Inglewood,00nan,8,14,1.0714285714285714,1323,,,0.05068,,,94.5
ca0518 family place transitional shp_santa monica,2024,TH,Upward Bound House,CA0518 Family Place Transitional SHP,Santa Monica,00nan,5,70,1.0,1176,,,0.05068,,,16.8
ces transitional housing program spa 6_compton,2024,TH,Upward Bound House,CES Transitional Housing Program SPA 6,Compton,00nan,6,21,0.8571428571428571,3952,,,0.05068,,,188.1904761904762
la county emergency shelter_culver city,2024,ES,Upward Bound House,LA County Emergency Shelter,Culver City ,00nan,5,18,0.6111111111111112,1176,,,0.05068,,,65.33333333333333
transitional housing bright futures youth spa 6_los angeles,2024,TH,Upward Bound House,Transitional Housing Bright Futures Youth SPA 6,Los Angeles,00nan,6,11,1.0,3952,,,0.05068,,,359.27272727272725
ubh fsc crisis housing spa 5_culver city,2024,ES,Upward Bound House,UBH FSC Crisis Housing SPA 5,Culver City ,00nan,5,32,0.84375,1176,,,0.05068,,,36.75
ubh fsc crisis housing spa 6_los angeles,2024,ES,Upward Bound House,UBH FSC Crisis Housing SPA 6,Los Angeles,00nan,6,98,0.8673469387755102,3952,,,0.05068,,,40.326530612244895
tiny home village echo park lake_los angeles,2024,ES,Urban Alchemy,Tiny Home Village Echo Park Lake,Los Angeles,00nan,4,70,0.4285714285714285,6131,,,0.05068,,,87.58571428571429
tiny home village westlake_los angeles,2024,ES,Urban Alchemy,Tiny Home Village Westlake,Los Angeles,00nan,4,109,0.4862385321100917,6131,,,0.05068,,,56.24770642201835
avd fsc crisis housing_palmdale,2024,ES,Valley Oasis,AVD FSC Crisis Housing,Palmdale,00nan,1,32,1.0,575,,,0.05068,,,17.96875
avd fsc crisis housing motel/hotel vouchers (vouchers)_palmdale,2024,ES,Valley Oasis,AVD FSC Crisis Housing Motel/Hotel Vouchers (Vouchers),Palmdale,00nan,1,240,1.0,575,,,0.05068,,,2.3958333333333335
ces crisis housing program_lancaster,2024,ES,Valley Oasis,CES Crisis Housing Program,Lancaster,00nan,1,2,0.5,575,,,0.05068,,,287.5
ces home safe motel vouchers_lancaster,2024,ES,Valley Oasis,CES Home Safe Motel Vouchers,Lancaster,00nan,1,7,1.0,575,,,0.05068,,,82.14285714285714
host homes transitional housing_lancaster,2024,TH,Valley Oasis,Host Homes Transitional Housing,Lancaster,00nan,1,4,1.0,575,,,0.05068,,,143.75
transitional housing youth spa 5_los angeles,2024,TH,Venice Community Housing,Transitional Housing Youth SPA 5,Los Angeles,00nan,5,20,0.9,1176,,,0.05068,,,58.8
dhs interim housing 118th_los angeles,2024,ES,Victory Starts Now,DHS Interim Housing 118th,Los Angeles,00nan,6,20,1.0,3952,,,0.05068,,,197.6
a bridge home cd 9_los angeles,2024,ES,Volunteers of America of Los Angeles,A Bridge Home CD 9,Los Angeles,00nan,6,100,0.74,3952,,,0.05068,,,39.52
avalon recuperative care_los angeles,2024,ES,Volunteers of America of Los Angeles,Avalon Recuperative Care,Los Angeles,00nan,6,0,,3952,,,0.05068,,,inf
bridge housing city roadmap bailey_los angeles,2024,ES,Volunteers of America of Los Angeles,Bridge Housing City Roadmap Bailey,Los Angeles,00nan,4,56,0.8928571428571429,6131,,,0.05068,,,109.48214285714286
bridge housing city roadmap t-house_los angeles,2024,ES,Volunteers of America of Los Angeles,Bridge Housing City Roadmap T-House,Los Angeles,00nan,4,60,0.9166666666666666,6131,,,0.05068,,,102.18333333333334
ces bridge housing for women awakenings_whittier,2024,ES,Volunteers of America of Los Angeles,CES Bridge Housing for Women Awakenings,Whittier,00nan,7,18,0.7222222222222222,1203,,,0.05068,,,66.83333333333333
ces bridge housing for women foley_whittier,2024,ES,Volunteers of America of Los Angeles,CES Bridge Housing for Women Foley,Whittier,00nan,7,42,0.7142857142857143,1203,,,0.05068,,,28.642857142857142
ces bridge housing program c4l_los angeles,2024,ES,Volunteers of America of Los Angeles,CES Bridge Housing Program C4L,Los Angeles,00nan,6,85,0.2235294117647059,3952,,,0.05068,,,46.49411764705882
ces bridge housing program p2h_los angeles,2024,ES,Volunteers of America of Los Angeles,CES Bridge Housing Program P2H,Los Angeles,00nan,6,85,0.5529411764705883,3952,,,0.05068,,,46.49411764705882
ces bridge housing program san julian_los angeles,2024,ES,Volunteers of America of Los Angeles,CES Bridge Housing Program San Julian,Los Angeles,00nan,4,13,0.7692307692307693,6131,,,0.05068,,,471.61538461538464
ces bridge housing program spa 3_pomona,2024,ES,Volunteers of America of Los Angeles,CES Bridge Housing Program SPA 3,Pomona,00nan,3,1,1.0,909,,,0.05068,,,909.0
ces crisis housing high desert macc_lancaster,2024,ES,Volunteers of America of Los Angeles,CES Crisis Housing High Desert MACC,Lancaster,00nan,1,118,0.4915254237288136,575,,,0.05068,,,4.872881355932203
ces crisis housing program c4l_los angeles,2024,ES,Volunteers of America of Los Angeles,CES Crisis Housing Program C4L,Los Angeles,00nan,6,80,0.575,3952,,,0.05068,,,49.4
ces crisis housing program p2h_los angeles,2024,ES,Volunteers of America of Los Angeles,CES Crisis Housing Program P2H,Los Angeles,00nan,6,191,0.6230366492146597,3952,,,0.05068,,,20.691099476439792
ces crisis housing program spa 3_pomona,2024,ES,Volunteers of America of Los Angeles,CES Crisis Housing Program SPA 3,Pomona,00nan,3,2,1.0,909,,,0.05068,,,454.5
family crisis housing project spa 3_pomona,2024,ES,Volunteers of America of Los Angeles,Family Crisis Housing Project SPA 3,Pomona,00nan,3,12,1.5833333333333333,909,,,0.05068,,,75.75
fsc crisis housing roadmap bailey_los angeles,2024,ES,Volunteers of America of Los Angeles,FSC Crisis Housing Roadmap Bailey,Los Angeles,00nan,4,16,0.8125,6131,,,0.05068,,,383.1875
gpd low demand  women special needs_los angeles,2024,SH,Volunteers of America of Los Angeles,GPD Low Demand  Women Special Needs,Los Angeles ,00nan,4,5,0.6,6131,,,0.05068,,,1226.2
gpd low demand ballington transitional housing_los angeles,2024,SH,Volunteers of America of Los Angeles,GPD Low Demand Ballington Transitional Housing,Los Angeles ,00nan,4,115,0.408695652173913,6131,,,0.05068,,,53.31304347826087
gpd low demand t-house transitional housing_los angeles,2024,SH,Volunteers of America of Los Angeles,GPD Low Demand T-House Transitional Housing,Los Angeles,00nan,4,3,1.0,6131,,,0.05068,,,2043.6666666666667
gpd vs-90 service intense transitional housing_los angeles,2024,TH,Volunteers of America of Los Angeles,GPD VS-90 Service Intense Transitional Housing,Los Angeles,00nan,5,51,0.0196078431372549,1176,,,0.05068,,,23.058823529411764
hchv recuperative care safe haven_los angeles,2024,ES,Volunteers of America of Los Angeles,HCHV Recuperative Care Safe Haven,Los Angeles,00nan,5,42,1.0,1176,,,0.05068,,,28.0
hchv safe haven alvalon_los angeles,2024,ES,Volunteers of America of Los Angeles,HCHV Safe Haven Alvalon,Los Angeles,00nan,4,28,0.75,6131,,,0.05068,,,218.96428571428572
hchv safe haven emergency residential_los angeles,2024,ES,Volunteers of America of Los Angeles,HCHV Safe Haven Emergency Residential,Los Angeles,00nan,5,36,1.0,1176,,,0.05068,,,32.666666666666664
hchv safe haven t-house_los angeles,2024,ES,Volunteers of America of Los Angeles,HCHV Safe Haven T-House,Los Angeles,00nan,4,93,1.0,6131,,,0.05068,,,65.9247311827957
phk city devonshire lodge_los angeles,2024,ES,Volunteers of America of Los Angeles,PHK CITY Devonshire Lodge,Los Angeles,00nan,2,42,0.6428571428571429,3348,,,0.05068,,,79.71428571428571
phk city sepulveda villa_north hills,2024,ES,Volunteers of America of Los Angeles,PHK CITY Sepulveda Villa,North Hills,00nan,2,57,1.0,3348,,,0.05068,,,58.73684210526316
phk city the nest_los angeles,2024,ES,Volunteers of America of Los Angeles,PHK CITY The Nest,Los Angeles,00nan,4,41,0.8292682926829268,6131,,,0.05068,,,149.53658536585365
rhy basic center - emergency shelter program spa 2_north hollywood,2024,ES,Volunteers of America of Los Angeles,RHY Basic Center - Emergency Shelter Program SPA 2,North Hollywood,00nan,2,8,0.25,3348,,,0.05068,,,418.5
rhy basic center - emergency shelter program spa 4_los angeles,2024,ES,Volunteers of America of Los Angeles,RHY Basic Center - Emergency Shelter Program SPA 4,Los Angeles,00nan,7,8,0.25,1203,,,0.05068,,,150.375
rhy maternity group home_north hollywood,2024,TH,Volunteers of America of Los Angeles,RHY Maternity Group Home,North Hollywood,00nan,2,28,0.1428571428571428,3348,,,0.05068,,,119.57142857142857
rhy transitional living program spa 1_lancaster,2024,TH,Volunteers of America of Los Angeles,RHY Transitional Living Program SPA 1,Lancaster,00nan,1,8,0.375,575,,,0.05068,,,71.875
rhy transitional living program spa 2_los angeles,2024,TH,Volunteers of America of Los Angeles,RHY Transitional Living Program SPA 2,Los Angeles,00nan,6,10,0.6,3952,,,0.05068,,,395.2
rhy transitional living program spa 6_los angeles,2024,TH,Volunteers of America of Los Angeles,RHY Transitional Living Program SPA 6,Los Angeles,00nan,6,8,0.875,3952,,,0.05068,,,494.0
tiny home sun valley_sun valley,2024,ES,Volunteers of America of Los Angeles,Tiny Home Sun Valley,Sun Valley,00nan,2,161,0.6273291925465838,3348,,,0.05068,,,20.795031055900623
tiny home village boyle heights_los angeles,2024,ES,Volunteers of America of Los Angeles,Tiny Home Village Boyle Heights,Los Angeles,00nan,4,0,,6131,,,0.05068,,,inf
winter shelter program hd macc spa 1_lancaster,2024,ES,Volunteers of America of Los Angeles,Winter Shelter Program HD MACC SPA 1,Lancaster,00nan,1,44,0.7272727272727273,575,,,0.05068,,,13.068181818181818
a bridge home civic center cd14_los angeles,2024,ES,Weingart Center Association,A Bridge Home Civic Center CD14,Los Angeles,00nan,4,99,0.8181818181818182,6131,,,0.05068,,,61.92929292929293
a bridge home schrader_los angeles,2024,ES,Weingart Center Association,A Bridge Home Schrader,Los Angeles,00nan,4,72,0.8472222222222222,6131,,,0.05068,,,85.15277777777777
ab109_los angeles,2024,TH,Weingart Center Association,AB109,Los Angeles,00nan,4,50,0.68,6131,,,0.05068,,,122.62
bridge housing roadmap vignes_los angeles,2024,ES,Weingart Center Association,Bridge Housing Roadmap Vignes,Los Angeles,00nan,4,222,0.8828828828828829,6131,,,0.05068,,,27.617117117117118
bridge housing roadmap vignes public defender_los angeles,2024,ES,Weingart Center Association,Bridge Housing Roadmap Vignes Public Defender,Los Angeles,00nan,4,10,0.9,6131,,,0.05068,,,613.1
ces bridge housing for women gardner library_los angeles,2024,ES,Weingart Center Association,CES Bridge Housing for Women Gardner Library,Los Angeles,00nan,4,30,0.7666666666666667,6131,,,0.05068,,,204.36666666666667
dhs - la grand_los angeles,2024,ES,Weingart Center Association,DHS - LA Grand,Los Angeles,00nan,4,294,0.6224489795918368,6131,,,0.05068,,,20.85374149659864
dhs - mayfair hotel_los angeles,2024,ES,Weingart Center Association,DHS - Mayfair Hotel,Los Angeles,00nan,4,0,,6131,,,0.05068,,,inf
dhs interim housing vagabond inn_los angeles,2024,ES,Weingart Center Association,DHS Interim Housing Vagabond Inn,Los Angeles,00nan,6,45,0.9555555555555556,3952,,,0.05068,,,87.82222222222222
enhanced bridge housing for women roadmap_los angeles,2024,ES,Weingart Center Association,Enhanced Bridge Housing for Women Roadmap,Los Angeles,00nan,4,60,0.8166666666666667,6131,,,0.05068,,,102.18333333333334
inside safe la grand_los angeles,2024,ES,Weingart Center Association,Inside Safe LA Grand,Los Angeles,00nan,4,181,0.7071823204419889,6131,,,0.05068,,,33.87292817679558
ltorr_los angeles,2024,TH,Weingart Center Association,LTORR,Los Angeles,00nan,4,55,0.9272727272727272,6131,,,0.05068,,,111.47272727272727
phk city beacon_los angeles,2024,ES,Weingart Center Association,PHK CITY Beacon,Los Angeles,00nan,4,102,1.0,6131,,,0.05068,,,60.1078431372549
stop_los angeles,2024,TH,Weingart Center Association,STOP,Los Angeles,00nan,4,35,0.2857142857142857,6131,,,0.05068,,,175.17142857142858
b7 bridge housing program (new)_whittier,2024,ES,Whittier First Day Coalition,B7 Bridge Housing Program (New),Whittier,00nan,7,18,0.6111111111111112,1203,,,0.05068,,,66.83333333333333
ces bridge housing spa 7_whittier,2024,ES,Whittier First Day Coalition,CES Bridge Housing SPA 7,Whittier,00nan,7,16,0.875,1203,,,0.05068,,,75.1875
hondo center of healing_downey,2024,ES,Whittier First Day Coalition,Hondo Center of Healing,Downey,00nan,7,80,0.0,1203,,,0.05068,,,15.0375
winter shelter program whittier spa 7_whittier,2024,ES,Whittier First Day Coalition,Winter Shelter Program Whittier SPA 7,Whittier,00nan,7,11,0.8181818181818182,1203,,,0.05068,,,109.36363636363636
